[Licensing::Module] Trying to connect to existing licensing client channel...
[Licensing::IpcConnector] Successfully connected to: "LicenseClient-fanbo" at "2026-09-17T14:21:11.8472389Z"
[Licensing::Client] Code 10 while verifying Licensing Client signature (process Id: 20072, path: "F:/Unity/2022.3.62f1c1/Editor/Data/Resources/Licensing/Client/Unity.Licensing.Client.exe")
[Licensing::Module] LicensingClient has failed validation; ignoring
[Licensing::Client] Handshaking with LicensingClient:
  Version:                 1.16.2+bdef8f5
  Session Id:              2b6e794644b44187a53eb8b6d0ba257d
  Correlation Id:          f29cd1b9e3de048a5d83d529391016e0
  External correlation Id: 8983402877578224200
  Machine Id:              5JCGDlm5pK0xDNoZB3mHMJo3DC4=
[Licensing::Module] Successfully connected to LicensingClient on channel: "LicenseClient-fanbo" (connect: 0.00s, validation: 0.01s, handshake: 0.16s)
[Licensing::IpcConnector] Successfully connected to: "LicenseClient-fanbo-notifications" at "2026-09-17T14:21:12.0251674Z"
[Licensing::Module] Error: Access token is unavailable; failed to update
[Licensing::Client] Successfully updated license
Built from '2022.3/china_unity/release' branch; Version is '2022.3.62f1c1 (b0109b07edb8) revision 11538587'; Using compiler version '192829333'; Build Type 'Release'
OS: 'Windows 11  (10.0.26200) 64bit CoreCountrySpecific' Language: 'zh' Physical Memory: 32490 MB
[Licensing::Client] Successfully resolved entitlement details
[Licensing::Module] Serial number assigned to: "F4-HZNG-Y794-HB5V-TCRQ-XXXX"
BatchMode: 1, IsHumanControllingUs: 0, StartBugReporterOnCrash: 0, Is64bit: 1, IsPro: 0
[Licensing::Client] Successfully resolved entitlement details

COMMAND LINE ARGUMENTS:
F:\Unity\2022.3.62f1c1\Editor\Unity.exe
-batchmode
-quit
-projectPath
F:/VSCode/transparent-pet-unity/transparent-pet
-executeMethod
TransparentPet.EditorTools.BuildPlayer.BuildWindows64
-logFile
F:/VSCode/transparent-pet-unity/temp-b3-spike.log
Successfully changed project path to: F:/VSCode/transparent-pet-unity/transparent-pet
F:/VSCode/transparent-pet-unity/transparent-pet
[UnityMemory] Configuration Parameters - Can be set up in boot.config
    "memorysetup-bucket-allocator-granularity=16"
    "memorysetup-bucket-allocator-bucket-count=8"
    "memorysetup-bucket-allocator-block-size=33554432"
    "memorysetup-bucket-allocator-block-count=8"
    "memorysetup-main-allocator-block-size=16777216"
    "memorysetup-thread-allocator-block-size=16777216"
    "memorysetup-gfx-main-allocator-block-size=16777216"
    "memorysetup-gfx-thread-allocator-block-size=16777216"
    "memorysetup-cache-allocator-block-size=4194304"
    "memorysetup-typetree-allocator-block-size=2097152"
    "memorysetup-profiler-bucket-allocator-granularity=16"
    "memorysetup-profiler-bucket-allocator-bucket-count=8"
    "memorysetup-profiler-bucket-allocator-block-size=33554432"
    "memorysetup-profiler-bucket-allocator-block-count=8"
    "memorysetup-profiler-allocator-block-size=16777216"
    "memorysetup-profiler-editor-allocator-block-size=1048576"
    "memorysetup-temp-allocator-size-main=16777216"
    "memorysetup-job-temp-allocator-block-size=2097152"
    "memorysetup-job-temp-allocator-block-size-background=1048576"
    "memorysetup-job-temp-allocator-reduction-small-platforms=262144"
    "memorysetup-allocator-temp-initial-block-size-main=262144"
    "memorysetup-allocator-temp-initial-block-size-worker=262144"
    "memorysetup-temp-allocator-size-background-worker=32768"
    "memorysetup-temp-allocator-size-job-worker=262144"
    "memorysetup-temp-allocator-size-preload-manager=33554432"
    "memorysetup-temp-allocator-size-nav-mesh-worker=65536"
    "memorysetup-temp-allocator-size-audio-worker=65536"
    "memorysetup-temp-allocator-size-cloud-worker=32768"
    "memorysetup-temp-allocator-size-gi-baking-worker=262144"
    "memorysetup-temp-allocator-size-gfx=262144"
Player connection [15064]  Target information:

Player connection [15064]  * "[IP] 169.254.219.105 [Port] 55505 [Flags] 2 [Guid] 3061481271 [EditorId] 3061481271 [Version] 1048832 [Id] WindowsEditor(7,FanBoran) [Debug] 1 [PackageName] WindowsEditor [ProjectName] Editor" 

Player connection [15064]  * "[IP] 169.254.174.251 [Port] 55505 [Flags] 2 [Guid] 3061481271 [EditorId] 3061481271 [Version] 1048832 [Id] WindowsEditor(7,FanBoran) [Debug] 1 [PackageName] WindowsEditor [ProjectName] Editor" 

Player connection [15064]  * "[IP] 172.28.144.1 [Port] 55505 [Flags] 2 [Guid] 3061481271 [EditorId] 3061481271 [Version] 1048832 [Id] WindowsEditor(7,FanBoran) [Debug] 1 [PackageName] WindowsEditor [ProjectName] Editor" 

Player connection [15064]  * "[IP] 10.95.29.207 [Port] 55505 [Flags] 2 [Guid] 3061481271 [EditorId] 3061481271 [Version] 1048832 [Id] WindowsEditor(7,FanBoran) [Debug] 1 [PackageName] WindowsEditor [ProjectName] Editor" 

Player connection [15064] Host joined multi-casting on [225.0.0.222:54997]...
Player connection [15064] Host joined alternative multi-casting on [225.0.0.222:34997]...
Input System module state changed to: Initialized.
[PhysX] Initialized MultithreadedTaskDispatcher with 12 workers.
[Package Manager] UpmClient::Connect -- Connected to IPC stream "Upm-38584" after 1.0 seconds.
[Package Manager] Restoring resolved packages state from cache
[Licensing::Client] Successfully resolved entitlement details
[Package Manager] Registered 20 packages:
  Packages from [https://packages.unity.cn]:
    com.unity.ide.rider@3.0.24 (location: F:\VSCode\transparent-pet-unity\transparent-pet\Library\PackageCache\com.unity.ide.rider@3.0.24)
    com.unity.ide.visualstudio@2.0.18 (location: F:\VSCode\transparent-pet-unity\transparent-pet\Library\PackageCache\com.unity.ide.visualstudio@2.0.18)
    com.unity.test-framework@1.1.33 (location: F:\VSCode\transparent-pet-unity\transparent-pet\Library\PackageCache\com.unity.test-framework@1.1.33)
    com.unity.ext.nunit@1.0.6 (location: F:\VSCode\transparent-pet-unity\transparent-pet\Library\PackageCache\com.unity.ext.nunit@1.0.6)
    com.unity.nuget.newtonsoft-json@3.2.1 (location: F:\VSCode\transparent-pet-unity\transparent-pet\Library\PackageCache\com.unity.nuget.newtonsoft-json@3.2.1)
  Built-in packages:
    com.unity.modules.animation@1.0.0 (location: F:\VSCode\transparent-pet-unity\transparent-pet\Library\PackageCache\com.unity.modules.animation@1.0.0)
    com.unity.modules.audio@1.0.0 (location: F:\VSCode\transparent-pet-unity\transparent-pet\Library\PackageCache\com.unity.modules.audio@1.0.0)
    com.unity.modules.imgui@1.0.0 (location: F:\VSCode\transparent-pet-unity\transparent-pet\Library\PackageCache\com.unity.modules.imgui@1.0.0)
    com.unity.modules.jsonserialize@1.0.0 (location: F:\VSCode\transparent-pet-unity\transparent-pet\Library\PackageCache\com.unity.modules.jsonserialize@1.0.0)
    com.unity.modules.particlesystem@1.0.0 (location: F:\VSCode\transparent-pet-unity\transparent-pet\Library\PackageCache\com.unity.modules.particlesystem@1.0.0)
    com.unity.modules.physics@1.0.0 (location: F:\VSCode\transparent-pet-unity\transparent-pet\Library\PackageCache\com.unity.modules.physics@1.0.0)
    com.unity.modules.physics2d@1.0.0 (location: F:\VSCode\transparent-pet-unity\transparent-pet\Library\PackageCache\com.unity.modules.physics2d@1.0.0)
    com.unity.modules.screencapture@1.0.0 (location: F:\VSCode\transparent-pet-unity\transparent-pet\Library\PackageCache\com.unity.modules.screencapture@1.0.0)
    com.unity.modules.ui@1.0.0 (location: F:\VSCode\transparent-pet-unity\transparent-pet\Library\PackageCache\com.unity.modules.ui@1.0.0)
    com.unity.modules.uielements@1.0.0 (location: F:\VSCode\transparent-pet-unity\transparent-pet\Library\PackageCache\com.unity.modules.uielements@1.0.0)
    com.unity.modules.unitywebrequest@1.0.0 (location: F:\VSCode\transparent-pet-unity\transparent-pet\Library\PackageCache\com.unity.modules.unitywebrequest@1.0.0)
    com.unity.ugui@1.0.0 (location: F:\VSCode\transparent-pet-unity\transparent-pet\Library\PackageCache\com.unity.ugui@1.0.0)
    com.unity.modules.imageconversion@1.0.0 (location: F:\VSCode\transparent-pet-unity\transparent-pet\Library\PackageCache\com.unity.modules.imageconversion@1.0.0)
  Git packages:
    com.coplaydev.unity-mcp@https://github.com/CoplayDev/unity-mcp.git?path=/MCPForUnity#v10.0.0 (location: F:\VSCode\transparent-pet-unity\transparent-pet\Library\PackageCache\com.coplaydev.unity-mcp@d49ae29535)
    com.kirurobo.uniwinc@https://github.com/kirurobo/UniWindowController.git#upm@0.9.8 (location: F:\VSCode\transparent-pet-unity\transparent-pet\Library\PackageCache\com.kirurobo.uniwinc@304f9ba2aa)
[Subsystems] No new subsystems found in resolved package list.
Package Manager log level set to [2]
[Package Manager] Done registering packages in 0.15 seconds
Refreshing native plugins compatible for Editor in 8.57 ms, found 1 plugins.
Preloading 0 native plugins for Editor in 0.00 ms.
Initialize engine version: 2022.3.62f1c1 (b0109b07edb8)
[Subsystems] Discovering subsystems at path F:/Unity/2022.3.62f1c1/Editor/Data/Resources/UnitySubsystems
[Subsystems] Discovering subsystems at path F:/VSCode/transparent-pet-unity/transparent-pet/Assets
GfxDevice: creating device client; threaded=0; jobified=0
Direct3D:
    Version:  Direct3D 11.0 [level 11.1]
    Renderer: NVIDIA GeForce RTX 3050 Laptop GPU (ID=0x25a2)
    Vendor:   NVIDIA
    VRAM:     3962 MB
    Driver:   32.0.16.1074
[Licensing::Client] Successfully resolved entitlement details
Initialize mono
Mono path[0] = 'F:/Unity/2022.3.62f1c1/Editor/Data/Managed'
Mono path[1] = 'F:/Unity/2022.3.62f1c1/Editor/Data/MonoBleedingEdge/lib/mono/unityjit-win32'
Mono config path = 'F:/Unity/2022.3.62f1c1/Editor/Data/MonoBleedingEdge/etc'
Using monoOptions --debugger-agent=transport=dt_socket,embedding=1,server=y,suspend=n,address=127.0.0.1:56584
Using cacheserver namespaces - metadata:defaultmetadata, artifacts:defaultartifacts
Using cacheserver namespaces - metadata:defaultmetadata, artifacts:defaultartifacts
ImportWorker Server TCP listen port: 0
Begin MonoManager ReloadAssembly
Registering precompiled unity dll's ...
Register platform support module: F:/Unity/2022.3.62f1c1/Editor/Data/PlaybackEngines/WebGLSupport/UnityEditor.WebGL.Extensions.dll
Register platform support module: F:/Unity/2022.3.62f1c1/Editor/Data/PlaybackEngines/WindowsStandaloneSupport/UnityEditor.WindowsStandalone.Extensions.dll
Registered in 0.012574 seconds.
- Loaded All Assemblies, in  0.860 seconds
Native extension for WindowsStandalone target not found
Native extension for WebGL target not found
Mono: successfully reloaded assembly
- Finished resetting the current domain, in  0.668 seconds
Domain Reload Profiling: 1528ms
	BeginReloadAssembly (250ms)
		ExecutionOrderSort (0ms)
		DisableScriptedObjects (0ms)
		BackupInstance (0ms)
		ReleaseScriptingObjects (0ms)
		CreateAndSetChildDomain (1ms)
	RebuildCommonClasses (97ms)
	RebuildNativeTypeToScriptingClass (28ms)
	initialDomainReloadingComplete (118ms)
	LoadAllAssembliesAndSetupDomain (367ms)
		LoadAssemblies (250ms)
		RebuildTransferFunctionScriptingTraits (0ms)
		AnalyzeDomain (361ms)
			TypeCache.Refresh (358ms)
				TypeCache.ScanAssembly (330ms)
			ScanForSourceGeneratedMonoScriptInfo (1ms)
			ResolveRequiredComponents (1ms)
	FinalizeReload (669ms)
		ReleaseScriptCaches (0ms)
		RebuildScriptCaches (0ms)
		SetupLoadedEditorAssemblies (546ms)
			LogAssemblyErrors (0ms)
			InitializePlatformSupportModulesInManaged (22ms)
			SetLoadedEditorAssemblies (12ms)
			RefreshPlugins (0ms)
			BeforeProcessingInitializeOnLoad (5ms)
			ProcessInitializeOnLoadAttributes (354ms)
			ProcessInitializeOnLoadMethodAttributes (153ms)
			AfterProcessingInitializeOnLoad (0ms)
			EditorAssembliesLoaded (0ms)
		ExecutionOrderSort2 (0ms)
		AwakeInstancesAfterBackupRestoration (0ms)
[Licensing::Client] Successfully resolved entitlement details
Application.AssetDatabase Initial Refresh Start
info: Microsoft.Hosting.Lifetime[14]
      Now listening on: http://localhost:80
info: Microsoft.Hosting.Lifetime[0]
      Application started. Press Ctrl+C to shut down.
info: Microsoft.Hosting.Lifetime[0]
      Hosting environment: Production
info: Microsoft.Hosting.Lifetime[0]
      Content root path: F:\VSCode\transparent-pet-unity\transparent-pet\
info: Microsoft.AspNetCore.Hosting.Diagnostics[1]
      Request starting HTTP/2 POST http://ilpp/UnityILPP.PostProcessing/Ping application/grpc -
info: Microsoft.AspNetCore.Routing.EndpointMiddleware[0]
      Executing endpoint 'gRPC - /UnityILPP.PostProcessing/Ping'
info: Microsoft.AspNetCore.Routing.EndpointMiddleware[1]
      Executed endpoint 'gRPC - /UnityILPP.PostProcessing/Ping'
info: Microsoft.AspNetCore.Hosting.Diagnostics[2]
      Request finished HTTP/2 POST http://ilpp/UnityILPP.PostProcessing/Ping application/grpc - - 200 - application/grpc 96.5847ms
Starting: F:\Unity\2022.3.62f1c1\Editor\Data\bee_backend.exe --ipc --defer-dag-verification --dagfile="Library/Bee/1900b0aE.dag" --continue-on-failure --profile="Library/Bee/backend1.traceevents" ScriptAssemblies
WorkingDir: F:/VSCode/transparent-pet-unity/transparent-pet
DisplayProgressbar: Compiling Scripts
ExitCode: 0 Duration: 0s242ms
*** Tundra build success (0.10 seconds), 0 items updated, 196 evaluated
AssetDatabase: script compilation time: 1.474430s
Begin MonoManager ReloadAssembly
Symbol file LoadedFromMemory is not a mono symbol file
- Loaded All Assemblies, in  0.906 seconds
Refreshing native plugins compatible for Editor in 3.41 ms, found 1 plugins.
Preloading 0 native plugins for Editor in 0.00 ms.
Total cache size 61015900
Total cache size after purge 61015900
Refreshing native plugins compatible for Editor in 3.29 ms, found 1 plugins.
Native extension for WindowsStandalone target not found
Native extension for WebGL target not found
Mono: successfully reloaded assembly
- Finished resetting the current domain, in  2.167 seconds
Domain Reload Profiling: 3072ms
	BeginReloadAssembly (394ms)
		ExecutionOrderSort (0ms)
		DisableScriptedObjects (14ms)
		BackupInstance (0ms)
		ReleaseScriptingObjects (1ms)
		CreateAndSetChildDomain (57ms)
	RebuildCommonClasses (85ms)
	RebuildNativeTypeToScriptingClass (22ms)
	initialDomainReloadingComplete (51ms)
	LoadAllAssembliesAndSetupDomain (351ms)
		LoadAssemblies (479ms)
		RebuildTransferFunctionScriptingTraits (0ms)
		AnalyzeDomain (112ms)
			TypeCache.Refresh (91ms)
				TypeCache.ScanAssembly (66ms)
			ScanForSourceGeneratedMonoScriptInfo (14ms)
			ResolveRequiredComponents (6ms)
	FinalizeReload (2168ms)
		ReleaseScriptCaches (0ms)
		RebuildScriptCaches (0ms)
		SetupLoadedEditorAssemblies (1888ms)
			LogAssemblyErrors (0ms)
			InitializePlatformSupportModulesInManaged (13ms)
			SetLoadedEditorAssemblies (7ms)
			RefreshPlugins (0ms)
			BeforeProcessingInitializeOnLoad (83ms)
			ProcessInitializeOnLoadAttributes (1705ms)
			ProcessInitializeOnLoadMethodAttributes (73ms)
			AfterProcessingInitializeOnLoad (6ms)
			EditorAssembliesLoaded (0ms)
		ExecutionOrderSort2 (0ms)
		AwakeInstancesAfterBackupRestoration (17ms)
Asset Pipeline Refresh (id=bee18901810bfb34887e384bf0df7b8c): Total: 5.486 seconds - Initiated by InitialRefreshV2(ForceSynchronousImport)
	Summary:
		Imports: total=0 (actual=0, local cache=0, cache server=0)
		Asset DB Process Time: managed=0 ms, native=840 ms
		Asset DB Callback time: managed=25 ms, native=3 ms
		Scripting: domain reloads=1, domain reload time=3119 ms, compile time=1479 ms, other=18 ms
		Project Asset Count: scripts=1223, non-scripts=106
		Asset File Changes: new=0, changed=0, moved=0, deleted=0
		Scan Filter Count: 0
	InvokeBeforeRefreshCallbacks: 3.190ms
	ApplyChangesToAssetFolders: 0.053ms
	Scan: 75.228ms
	OnSourceAssetsModified: 0.002ms
	GetAllGuidsForCategorization: 0.824ms
	CategorizeAssets: 47.421ms
	ImportOutOfDateAssets: 2189.148ms (698.789ms without children)
		CompileScripts: 1478.665ms
		ReloadNativeAssets: 0.001ms
		UnloadImportedAssets: 10.376ms
		EnsureUptoDateAssetsAreRegisteredWithGuidPM: 0.694ms
		InitializingProgressBar: 0.001ms
		PostProcessAllAssetNotificationsAddChangedAssets: 0.001ms
		OnDemandSchedulerStart: 0.622ms
	PostProcessAllAssets: 25.613ms
	GatherAllCurrentPrimaryArtifactRevisions: 0.000ms
	UnloadStreamsBegin: 0.574ms
	PersistCurrentRevisions: 0.075ms
	UnloadStreamsEnd: 0.022ms
	GenerateScriptTypeHashes: 2.299ms
	Untracked: 3143.993ms
Application.AssetDatabase Initial Refresh End
Launched and connected shader compiler UnityShaderCompiler.exe after 0.11 seconds
Scanning for USB devices : 3.945ms
Initializing Unity extensions:
[Licensing::Client] Successfully resolved entitlement details
[MODES] ModeService[none].Initialize
[MODES] ModeService[none].LoadModes
[MODES] Loading mode Default (0) for mode-current-id-TransparentPet
[PhysX] Initialized MultithreadedTaskDispatcher with 12 workers.
ProgressiveSceneManager::Cancel()
Unloading 3 Unused Serialized files (Serialized files now loaded: 0)
Unloading 27 unused Assets / (473.6 KB). Loaded Objects now: 1482.
Memory consumption went from 94.0 MB to 93.6 MB.
Total: 8.468400 ms (FindLiveObjects: 0.155900 ms CreateObjectMapping: 0.044900 ms MarkObjects: 7.807700 ms  DeleteObjects: 0.457500 ms)

info: Microsoft.AspNetCore.Hosting.Diagnostics[1]
      Request starting HTTP/2 POST http://ilpp/UnityILPP.PostProcessing/Ping application/grpc -
info: Microsoft.AspNetCore.Routing.EndpointMiddleware[0]
      Executing endpoint 'gRPC - /UnityILPP.PostProcessing/Ping'
info: Microsoft.AspNetCore.Routing.EndpointMiddleware[1]
      Executed endpoint 'gRPC - /UnityILPP.PostProcessing/Ping'
info: Microsoft.AspNetCore.Hosting.Diagnostics[2]
      Request finished HTTP/2 POST http://ilpp/UnityILPP.PostProcessing/Ping application/grpc - - 200 - application/grpc 6.9163ms
Starting: F:\Unity\2022.3.62f1c1\Editor\Data\bee_backend.exe --ipc --defer-dag-verification --dagfile="Library/Bee/1900b0aESkipCompile.dag" --continue-on-failure --profile="Library/Bee/backend1.traceevents" ScriptAssembliesAndTypeDB
WorkingDir: F:/VSCode/transparent-pet-unity/transparent-pet
ExitCode: 0 Duration: 1s129ms
[2/3        0s] BuildPlayerDataGenerator Library/BuildPlayerData/Editor/TypeDb-All.json
*** Tundra build success (0.98 seconds), 1 items updated, 3 evaluated
Asset Pipeline Refresh (id=3c80e0f4579564842a0ff264399dd9df): Total: 0.008 seconds - Initiated by RefreshV2(NoUpdateAssetOptions)
[ScriptCompilation] Requested script compilation because: Recompiling scripts for player build.
BuildPlayer: start building target 19
info: Microsoft.AspNetCore.Hosting.Diagnostics[1]
      Request starting HTTP/2 POST http://ilpp/UnityILPP.PostProcessing/Ping application/grpc -
info: Microsoft.AspNetCore.Routing.EndpointMiddleware[0]
      Executing endpoint 'gRPC - /UnityILPP.PostProcessing/Ping'
info: Microsoft.AspNetCore.Routing.EndpointMiddleware[1]
      Executed endpoint 'gRPC - /UnityILPP.PostProcessing/Ping'
info: Microsoft.AspNetCore.Hosting.Diagnostics[2]
      Request finished HTTP/2 POST http://ilpp/UnityILPP.PostProcessing/Ping application/grpc - - 200 - application/grpc 0.8123ms
Starting: F:\Unity\2022.3.62f1c1\Editor\Data\bee_backend.exe --ipc --defer-dag-verification --dagfile="Library/Bee/1900b0aP.dag" --continue-on-failure --profile="Library/Bee/backend1.traceevents" ScriptAssembliesAndTypeDB
WorkingDir: F:/VSCode/transparent-pet-unity/transparent-pet
Total cache size 61015900
Total cache size after purge 61015900
ExitCode: 0 Duration: 3s241ms
[78/91      0s] CopyFiles Library/Bee/PlayerScriptAssemblies/Kirurobo.UniWindowController.pdb
[79/91      0s] CopyFiles Library/Bee/PlayerScriptAssemblies/MCPForUnity.Runtime.pdb
[80/91      0s] CopyFiles Library/Bee/PlayerScriptAssemblies/UnityEngine.TestRunner.pdb
[81/91      0s] CopyFiles Library/Bee/PlayerScriptAssemblies/Kirurobo.UniWindowController.dll
[82/91      0s] CopyFiles Library/Bee/PlayerScriptAssemblies/UnityEngine.UI.pdb
[83/91      0s] CopyFiles Library/Bee/PlayerScriptAssemblies/MCPForUnity.Runtime.dll
[84/91      0s] CopyFiles Library/Bee/PlayerScriptAssemblies/UnityEngine.UI.dll
[85/91      0s] CopyFiles Library/Bee/PlayerScriptAssemblies/UnityEngine.TestRunner.dll
[86/91      1s] Csc Library/Bee/artifacts/1900b0aP.dag/TransparentPet.Runtime.dll (+2 others)
[87/91      0s] CopyFiles Library/Bee/PlayerScriptAssemblies/TransparentPet.Runtime.pdb
[88/91      0s] CopyFiles Library/Bee/PlayerScriptAssemblies/TransparentPet.Runtime.dll
[90/91      0s] BuildPlayerDataGenerator Library/BuildPlayerData/Player/RuntimeInitializeOnLoads.json (+1 other)
*** Tundra build success (3.14 seconds), 12 items updated, 91 evaluated
Rebuilding Data files because the scene list is dirty
Asset Pipeline Refresh (id=b9776883b273e7c41b7a0566b4893c03): Total: 0.018 seconds - Initiated by RefreshV2(NoUpdateAssetOptions)
Opening scene 'Assets/Scenes/Versions/V9LiquidGlassDesktop/PetScene.unity'
[PhysX] Initialized MultithreadedTaskDispatcher with 12 workers.
Unloading 4 Unused Serialized files (Serialized files now loaded: 0)
Loaded scene 'Assets/Scenes/Versions/V9LiquidGlassDesktop/PetScene.unity'
	Deserialize:            8.479 ms
	Integration:            13.969 ms
	Integration of assets:  0.042 ms
	Thread Wait Time:       29.461 ms
	Total Operation Time:   51.949 ms
Unloading 28 unused Assets / (0.7 MB). Loaded Objects now: 1515.
Memory consumption went from 96.6 MB to 95.9 MB.
Total: 7.619200 ms (FindLiveObjects: 0.186100 ms CreateObjectMapping: 0.049900 ms MarkObjects: 6.723500 ms  DeleteObjects: 0.657100 ms)

Created GICache directory at C:/Users/fanbo/AppData/LocalLow/Unity/Caches/GiCache. Took: 0.067s, timestamps: [16.836 - 16.903]
gi::BakeBackendSwitch: switching bake backend from 3 to 1.
[00:00:00] Builtin Sky manager started.
[00:00:00] Finished 1 Bake Ambient Probe job (0.00s execute, 0.00s integrate, 0.01s wallclock)
[00:00:00] Finished 1 Bake Ambient Probe job (0.00s execute, 0.00s integrate, 0.01s wallclock)
Total cache size 61015900
Total cache size after purge 61015900


Mono dependencies included in the build
Dependency assembly - Kirurobo.UniWindowController.dll
Dependency assembly - mscorlib.dll
Dependency assembly - netstandard.dll
Dependency assembly - System.ServiceModel.Internals.dll
Dependency assembly - System.Configuration.dll
Dependency assembly - System.Drawing.dll
Dependency assembly - Mono.Security.dll
Dependency assembly - MCPForUnity.Runtime.dll
Dependency assembly - System.EnterpriseServices.dll
Dependency assembly - System.Runtime.Serialization.dll
Dependency assembly - System.IO.Compression.FileSystem.dll
Dependency assembly - System.Xml.dll
Dependency assembly - System.Data.dll
Dependency assembly - System.dll
Dependency assembly - TransparentPet.Runtime.dll
Dependency assembly - System.ComponentModel.Composition.dll
Dependency assembly - System.IO.Compression.dll
Dependency assembly - System.Core.dll
Dependency assembly - System.Security.dll
Dependency assembly - UnityEngine.UI.dll
Dependency assembly - System.Transactions.dll
Dependency assembly - Newtonsoft.Json.dll
Dependency assembly - System.Data.DataSetExtensions.dll
Dependency assembly - System.Net.Http.dll
Dependency assembly - System.Numerics.dll
Dependency assembly - System.Xml.Linq.dll

[PhysX] Initialized MultithreadedTaskDispatcher with 12 workers.
Unloading 11 Unused Serialized files (Serialized files now loaded: 0)
Unloading 28 unused Assets / (0.7 MB). Loaded Objects now: 1509.
Memory consumption went from 97.1 MB to 96.4 MB.
Total: 9.378400 ms (FindLiveObjects: 0.248100 ms CreateObjectMapping: 0.045000 ms MarkObjects: 7.964400 ms  DeleteObjects: 1.118700 ms)

[EnlightenBakeManager] m_Clear = false;
Unloading 0 Unused Serialized files (Serialized files now loaded: 0)
Unloading 0 unused Assets / (0 B). Loaded Objects now: 1509.
Memory consumption went from 96.3 MB to 96.3 MB.
Total: 5.963300 ms (FindLiveObjects: 0.160500 ms CreateObjectMapping: 0.042300 ms MarkObjects: 5.747700 ms  DeleteObjects: 0.011300 ms)

[PhysX] Initialized MultithreadedTaskDispatcher with 12 workers.
Unloading 1 Unused Serialized files (Serialized files now loaded: 0)
Unloading 166 unused Assets / (132.2 MB). Loaded Objects now: 1509.
Memory consumption went from 229.3 MB to 97.1 MB.
Total: 38.045200 ms (FindLiveObjects: 0.277800 ms CreateObjectMapping: 0.072200 ms MarkObjects: 7.342000 ms  DeleteObjects: 30.351100 ms)

Compiling shader "Legacy Shaders/Transparent/Diffuse" pass "FORWARD" (vp)
    Full variant space:         152
    After settings filtering:   152
    After built-in stripping:   3
    After scriptable stripping: 3
    Processed in 0.01 seconds
    starting compilation...
    finished in 0.00 seconds. Local cache hits 3 (0.00s CPU time), remote cache hits 0 (0.00s CPU time), compiled 0 variants (0.00s CPU time), skipped 0 variants
    Prepared data for serialisation in 0.00s
Compiling shader "Legacy Shaders/Transparent/Diffuse" pass "FORWARD" (fp)
    Full variant space:         128
    After settings filtering:   128
    After built-in stripping:   2
    After scriptable stripping: 2
    Processed in 0.00 seconds
    starting compilation...
    finished in 0.00 seconds. Local cache hits 2 (0.00s CPU time), remote cache hits 0 (0.00s CPU time), compiled 0 variants (0.00s CPU time), skipped 0 variants
    Prepared data for serialisation in 0.00s
Compiling shader "Legacy Shaders/Transparent/Diffuse" pass "FORWARD" (vp)
    Full variant space:         20
    After settings filtering:   20
    After built-in stripping:   5
    After scriptable stripping: 5
    Processed in 0.00 seconds
    starting compilation...
    finished in 0.00 seconds. Local cache hits 5 (0.01s CPU time), remote cache hits 0 (0.00s CPU time), compiled 0 variants (0.00s CPU time), skipped 0 variants
    Prepared data for serialisation in 0.00s
Compiling shader "Legacy Shaders/Transparent/Diffuse" pass "FORWARD" (fp)
    Full variant space:         20
    After settings filtering:   20
    After built-in stripping:   5
    After scriptable stripping: 5
    Processed in 0.00 seconds
    starting compilation...
    finished in 0.00 seconds. Local cache hits 5 (0.01s CPU time), remote cache hits 0 (0.00s CPU time), compiled 0 variants (0.00s CPU time), skipped 0 variants
    Prepared data for serialisation in 0.00s
Serialized binary data for shader Legacy Shaders/Transparent/Diffuse in 0.00s
    d3d11 (total internal programs: 15, unique: 13)
Compiling shader "Legacy Shaders/Transparent/VertexLit" pass "" (vp)
    Full variant space:         12
    After settings filtering:   12
    After built-in stripping:   3
    After scriptable stripping: 3
    Processed in 0.00 seconds
    starting compilation...
    finished in 0.00 seconds. Local cache hits 3 (0.00s CPU time), remote cache hits 0 (0.00s CPU time), compiled 0 variants (0.00s CPU time), skipped 0 variants
    Prepared data for serialisation in 0.00s
Compiling shader "Legacy Shaders/Transparent/VertexLit" pass "" (fp)
    Full variant space:         12
    After settings filtering:   12
    After built-in stripping:   3
    After scriptable stripping: 3
    Processed in 0.00 seconds
    starting compilation...
    finished in 0.00 seconds. Local cache hits 3 (0.00s CPU time), remote cache hits 0 (0.00s CPU time), compiled 0 variants (0.00s CPU time), skipped 0 variants
    Prepared data for serialisation in 0.00s
Compiling shader "Legacy Shaders/Transparent/VertexLit" pass "" (vp)
    Full variant space:         4
    After settings filtering:   4
    After built-in stripping:   1
    After scriptable stripping: 1
    Processed in 0.00 seconds
    starting compilation...
    finished in 0.00 seconds. Local cache hits 1 (0.00s CPU time), remote cache hits 0 (0.00s CPU time), compiled 0 variants (0.00s CPU time), skipped 0 variants
    Prepared data for serialisation in 0.00s
Compiling shader "Legacy Shaders/Transparent/VertexLit" pass "" (fp)
    Full variant space:         4
    After settings filtering:   4
    After built-in stripping:   1
    After scriptable stripping: 1
    Processed in 0.00 seconds
    starting compilation...
    finished in 0.00 seconds. Local cache hits 1 (0.00s CPU time), remote cache hits 0 (0.00s CPU time), compiled 0 variants (0.00s CPU time), skipped 0 variants
    Prepared data for serialisation in 0.00s
Serialized binary data for shader Legacy Shaders/Transparent/VertexLit in 0.00s
    d3d11 (total internal programs: 8, unique: 8)
Compiling shader "Skybox/Procedural" pass "" (vp)
    Full variant space:         3
    After settings filtering:   3
    After built-in stripping:   3
    After scriptable stripping: 3
    Processed in 0.00 seconds
    starting compilation...
    finished in 0.00 seconds. Local cache hits 3 (0.00s CPU time), remote cache hits 0 (0.00s CPU time), compiled 0 variants (0.00s CPU time), skipped 0 variants
    Prepared data for serialisation in 0.00s
Compiling shader "Skybox/Procedural" pass "" (fp)
    Full variant space:         3
    After settings filtering:   3
    After built-in stripping:   3
    After scriptable stripping: 3
    Processed in 0.00 seconds
    starting compilation...
    finished in 0.00 seconds. Local cache hits 3 (0.00s CPU time), remote cache hits 0 (0.00s CPU time), compiled 0 variants (0.00s CPU time), skipped 0 variants
    Prepared data for serialisation in 0.00s
Serialized binary data for shader Skybox/Procedural in 0.00s
    d3d11 (total internal programs: 6, unique: 6)
Compiling shader "TransparentPet/SlimeLiquid" pass "" (vp)
    Full variant space:         1
    After settings filtering:   1
    After built-in stripping:   1
    After scriptable stripping: 1
    Processed in 0.00 seconds
    starting compilation...
    finished in 0.00 seconds. Local cache hits 1 (0.00s CPU time), remote cache hits 0 (0.00s CPU time), compiled 0 variants (0.00s CPU time), skipped 0 variants
    Prepared data for serialisation in 0.00s
Compiling shader "TransparentPet/SlimeLiquid" pass "" (fp)
    Full variant space:         1
    After settings filtering:   1
    After built-in stripping:   1
    After scriptable stripping: 1
    Processed in 0.00 seconds
    starting compilation...
    finished in 0.00 seconds. Local cache hits 1 (0.00s CPU time), remote cache hits 0 (0.00s CPU time), compiled 0 variants (0.00s CPU time), skipped 0 variants
    Prepared data for serialisation in 0.00s
Serialized binary data for shader TransparentPet/SlimeLiquid in 0.00s
    d3d11 (total internal programs: 2, unique: 2)
Compiling shader "TransparentPet/LiquidGlassBg" pass "" (vp)
    Full variant space:         1
    After settings filtering:   1
    After built-in stripping:   1
    After scriptable stripping: 1
    Processed in 0.00 seconds
    starting compilation...
    finished in 0.00 seconds. Local cache hits 1 (0.00s CPU time), remote cache hits 0 (0.00s CPU time), compiled 0 variants (0.00s CPU time), skipped 0 variants
    Prepared data for serialisation in 0.00s
Compiling shader "TransparentPet/LiquidGlassBg" pass "" (fp)
    Full variant space:         1
    After settings filtering:   1
    After built-in stripping:   1
    After scriptable stripping: 1
    Processed in 0.00 seconds
    starting compilation...
    finished in 0.00 seconds. Local cache hits 1 (0.00s CPU time), remote cache hits 0 (0.00s CPU time), compiled 0 variants (0.00s CPU time), skipped 0 variants
    Prepared data for serialisation in 0.00s
Serialized binary data for shader TransparentPet/LiquidGlassBg in 0.00s
    d3d11 (total internal programs: 2, unique: 2)
Compiling shader "TransparentPet/LiquidGlass" pass "" (vp)
    Full variant space:         1
    After settings filtering:   1
    After built-in stripping:   1
    After scriptable stripping: 1
    Processed in 0.00 seconds
    starting compilation...
    finished in 0.00 seconds. Local cache hits 1 (0.00s CPU time), remote cache hits 0 (0.00s CPU time), compiled 0 variants (0.00s CPU time), skipped 0 variants
    Prepared data for serialisation in 0.00s
Compiling shader "TransparentPet/LiquidGlass" pass "" (fp)
    Full variant space:         1
    After settings filtering:   1
    After built-in stripping:   1
    After scriptable stripping: 1
    Processed in 0.00 seconds
    starting compilation...
    finished in 0.01 seconds. Local cache hits 1 (0.01s CPU time), remote cache hits 0 (0.00s CPU time), compiled 0 variants (0.00s CPU time), skipped 0 variants
    Prepared data for serialisation in 0.00s
Serialized binary data for shader TransparentPet/LiquidGlass in 0.00s
    d3d11 (total internal programs: 2, unique: 2)
Shader warning in 'TransparentPet/LiquidGlass': 'i': loop control variable conflicts with a previous declaration in the outer scope; most recent declaration will be used at Assets/Art/Shaders/LiquidGlass.shader(155) (on d3d11)

Compiling Subshader: 0, Pass: <Unnamed Pass 0>, Vertex program with <no keywords>
Platform defines: SHADER_API_DESKTOP UNITY_COLORSPACE_GAMMA UNITY_ENABLE_DETAIL_NORMALMAP UNITY_ENABLE_REFLECTION_BUFFERS UNITY_LIGHTMAP_FULL_HDR UNITY_LIGHT_PROBE_PROXY_VOLUME UNITY_PBS_USE_BRDF1 UNITY_SPECCUBE_BLENDING UNITY_SPECCUBE_BOX_PROJECTION UNITY_USE_DITHER_MASK_FOR_ALPHABLENDED_SHADOWS
Disabled keywords: SHADER_API_GLES30 UNITY_ASTC_NORMALMAP_ENCODING UNITY_FRAMEBUFFER_FETCH_AVAILABLE UNITY_HALF_PRECISION_FRAGMENT_SHADER_REGISTERS UNITY_HARDWARE_TIER1 UNITY_HARDWARE_TIER2 UNITY_HARDWARE_TIER3 UNITY_LIGHTMAP_DLDR_ENCODING UNITY_LIGHTMAP_RGBM_ENCODING UNITY_METAL_SHADOWS_USE_POINT_FILTERING UNITY_NO_DXT5nm UNITY_NO_FULL_STANDARD_SHADER UNITY_NO_SCREENSPACE_SHADOWS UNITY_PBS_USE_BRDF2 UNITY_PBS_USE_BRDF3 UNITY_PRETRANSFORM_TO_DISPLAY_ORIENTATION UNITY_UNIFIED_SHADER_PRECISION_MODEL UNITY_VIRTUAL_TEXTURING
Shader warning in 'TransparentPet/LiquidGlass': use of potentially uninitialized variable (halfWidth) at Assets/Art/Shaders/LiquidGlass.shader(199) (on d3d11)

Compiling Subshader: 0, Pass: <Unnamed Pass 0>, Fragment program with <no keywords>
Platform defines: SHADER_API_DESKTOP UNITY_COLORSPACE_GAMMA UNITY_ENABLE_DETAIL_NORMALMAP UNITY_ENABLE_REFLECTION_BUFFERS UNITY_LIGHTMAP_FULL_HDR UNITY_LIGHT_PROBE_PROXY_VOLUME UNITY_PBS_USE_BRDF1 UNITY_SPECCUBE_BLENDING UNITY_SPECCUBE_BOX_PROJECTION UNITY_USE_DITHER_MASK_FOR_ALPHABLENDED_SHADOWS
Disabled keywords: SHADER_API_GLES30 UNITY_ASTC_NORMALMAP_ENCODING UNITY_FRAMEBUFFER_FETCH_AVAILABLE UNITY_HALF_PRECISION_FRAGMENT_SHADER_REGISTERS UNITY_HARDWARE_TIER1 UNITY_HARDWARE_TIER2 UNITY_HARDWARE_TIER3 UNITY_LIGHTMAP_DLDR_ENCODING UNITY_LIGHTMAP_RGBM_ENCODING UNITY_METAL_SHADOWS_USE_POINT_FILTERING UNITY_NO_DXT5nm UNITY_NO_FULL_STANDARD_SHADER UNITY_NO_SCREENSPACE_SHADOWS UNITY_PBS_USE_BRDF2 UNITY_PBS_USE_BRDF3 UNITY_PRETRANSFORM_TO_DISPLAY_ORIENTATION UNITY_UNIFIED_SHADER_PRECISION_MODEL UNITY_VIRTUAL_TEXTURING
Compiling shader "TransparentPet/LiquidGlassBlur" pass "" (vp)
    Full variant space:         1
    After settings filtering:   1
    After built-in stripping:   1
    After scriptable stripping: 1
    Processed in 0.00 seconds
    starting compilation...
    finished in 0.00 seconds. Local cache hits 1 (0.00s CPU time), remote cache hits 0 (0.00s CPU time), compiled 0 variants (0.00s CPU time), skipped 0 variants
    Prepared data for serialisation in 0.00s
Compiling shader "TransparentPet/LiquidGlassBlur" pass "" (fp)
    Full variant space:         1
    After settings filtering:   1
    After built-in stripping:   1
    After scriptable stripping: 1
    Processed in 0.00 seconds
    starting compilation...
    finished in 0.00 seconds. Local cache hits 1 (0.00s CPU time), remote cache hits 0 (0.00s CPU time), compiled 0 variants (0.00s CPU time), skipped 0 variants
    Prepared data for serialisation in 0.00s
Serialized binary data for shader TransparentPet/LiquidGlassBlur in 0.00s
    d3d11 (total internal programs: 2, unique: 2)
Shader warning in 'TransparentPet/LiquidGlassBlur': integer divides may be much slower, try using uints if possible. at Assets/Art/Shaders/LiquidGlassBlur.shader(66) (on d3d11)

Compiling Subshader: 0, Pass: <Unnamed Pass 0>, Fragment program with <no keywords>
Platform defines: SHADER_API_DESKTOP UNITY_COLORSPACE_GAMMA UNITY_ENABLE_DETAIL_NORMALMAP UNITY_ENABLE_REFLECTION_BUFFERS UNITY_LIGHTMAP_FULL_HDR UNITY_LIGHT_PROBE_PROXY_VOLUME UNITY_PBS_USE_BRDF1 UNITY_SPECCUBE_BLENDING UNITY_SPECCUBE_BOX_PROJECTION UNITY_USE_DITHER_MASK_FOR_ALPHABLENDED_SHADOWS
Disabled keywords: SHADER_API_GLES30 UNITY_ASTC_NORMALMAP_ENCODING UNITY_FRAMEBUFFER_FETCH_AVAILABLE UNITY_HALF_PRECISION_FRAGMENT_SHADER_REGISTERS UNITY_HARDWARE_TIER1 UNITY_HARDWARE_TIER2 UNITY_HARDWARE_TIER3 UNITY_LIGHTMAP_DLDR_ENCODING UNITY_LIGHTMAP_RGBM_ENCODING UNITY_METAL_SHADOWS_USE_POINT_FILTERING UNITY_NO_DXT5nm UNITY_NO_FULL_STANDARD_SHADER UNITY_NO_SCREENSPACE_SHADOWS UNITY_PBS_USE_BRDF2 UNITY_PBS_USE_BRDF3 UNITY_PRETRANSFORM_TO_DISPLAY_ORIENTATION UNITY_UNIFIED_SHADER_PRECISION_MODEL UNITY_VIRTUAL_TEXTURING
Compiling shader "TransparentPet/LiquidGlassCompose" pass "" (vp)
    Full variant space:         1
    After settings filtering:   1
    After built-in stripping:   1
    After scriptable stripping: 1
    Processed in 0.00 seconds
    starting compilation...
    finished in 0.00 seconds. Local cache hits 1 (0.00s CPU time), remote cache hits 0 (0.00s CPU time), compiled 0 variants (0.00s CPU time), skipped 0 variants
    Prepared data for serialisation in 0.00s
Compiling shader "TransparentPet/LiquidGlassCompose" pass "" (fp)
    Full variant space:         1
    After settings filtering:   1
    After built-in stripping:   1
    After scriptable stripping: 1
    Processed in 0.00 seconds
    starting compilation...
    finished in 0.00 seconds. Local cache hits 1 (0.00s CPU time), remote cache hits 0 (0.00s CPU time), compiled 0 variants (0.00s CPU time), skipped 0 variants
    Prepared data for serialisation in 0.00s
Serialized binary data for shader TransparentPet/LiquidGlassCompose in 0.00s
    d3d11 (total internal programs: 2, unique: 2)
Compiling shader "TransparentPet/SlimeMesh" pass "" (vp)
    Full variant space:         1
    After settings filtering:   1
    After built-in stripping:   1
    After scriptable stripping: 1
    Processed in 0.00 seconds
    starting compilation...
    finished in 0.00 seconds. Local cache hits 1 (0.00s CPU time), remote cache hits 0 (0.00s CPU time), compiled 0 variants (0.00s CPU time), skipped 0 variants
    Prepared data for serialisation in 0.00s
Compiling shader "TransparentPet/SlimeMesh" pass "" (fp)
    Full variant space:         1
    After settings filtering:   1
    After built-in stripping:   1
    After scriptable stripping: 1
    Processed in 0.00 seconds
    starting compilation...
    finished in 0.00 seconds. Local cache hits 1 (0.00s CPU time), remote cache hits 0 (0.00s CPU time), compiled 0 variants (0.00s CPU time), skipped 0 variants
    Prepared data for serialisation in 0.00s
Serialized binary data for shader TransparentPet/SlimeMesh in 0.00s
    d3d11 (total internal programs: 2, unique: 2)
Compiling shader "Legacy Shaders/VertexLit" pass "" (vp)
    Full variant space:         12
    After settings filtering:   12
    After built-in stripping:   3
    After scriptable stripping: 3
    Processed in 0.00 seconds
    starting compilation...
    finished in 0.00 seconds. Local cache hits 3 (0.00s CPU time), remote cache hits 0 (0.00s CPU time), compiled 0 variants (0.00s CPU time), skipped 0 variants
    Prepared data for serialisation in 0.00s
Compiling shader "Legacy Shaders/VertexLit" pass "" (fp)
    Full variant space:         12
    After settings filtering:   12
    After built-in stripping:   3
    After scriptable stripping: 3
    Processed in 0.00 seconds
    starting compilation...
    finished in 0.00 seconds. Local cache hits 3 (0.00s CPU time), remote cache hits 0 (0.00s CPU time), compiled 0 variants (0.00s CPU time), skipped 0 variants
    Prepared data for serialisation in 0.00s
Compiling shader "Legacy Shaders/VertexLit" pass "" (vp)
    Full variant space:         4
    After settings filtering:   4
    After built-in stripping:   1
    After scriptable stripping: 1
    Processed in 0.00 seconds
    starting compilation...
    finished in 0.00 seconds. Local cache hits 1 (0.00s CPU time), remote cache hits 0 (0.00s CPU time), compiled 0 variants (0.00s CPU time), skipped 0 variants
    Prepared data for serialisation in 0.00s
Compiling shader "Legacy Shaders/VertexLit" pass "" (fp)
    Full variant space:         4
    After settings filtering:   4
    After built-in stripping:   1
    After scriptable stripping: 1
    Processed in 0.00 seconds
    starting compilation...
    finished in 0.00 seconds. Local cache hits 1 (0.00s CPU time), remote cache hits 0 (0.00s CPU time), compiled 0 variants (0.00s CPU time), skipped 0 variants
    Prepared data for serialisation in 0.00s
Compiling shader "Legacy Shaders/VertexLit" pass "ShadowCaster" (vp)
    Full variant space:         4
    After settings filtering:   4
    After built-in stripping:   2
    After scriptable stripping: 2
    Processed in 0.00 seconds
    starting compilation...
    finished in 0.00 seconds. Local cache hits 2 (0.00s CPU time), remote cache hits 0 (0.00s CPU time), compiled 0 variants (0.00s CPU time), skipped 0 variants
    Prepared data for serialisation in 0.00s
Compiling shader "Legacy Shaders/VertexLit" pass "ShadowCaster" (fp)
    Full variant space:         4
    After settings filtering:   4
    After built-in stripping:   2
    After scriptable stripping: 2
    Processed in 0.00 seconds
    starting compilation...
    finished in 0.00 seconds. Local cache hits 2 (0.00s CPU time), remote cache hits 0 (0.00s CPU time), compiled 0 variants (0.00s CPU time), skipped 0 variants
    Prepared data for serialisation in 0.00s
Serialized binary data for shader Legacy Shaders/VertexLit in 0.00s
    d3d11 (total internal programs: 12, unique: 12)
Compiling shader "Legacy Shaders/Diffuse" pass "FORWARD" (vp)
    Full variant space:         664
    After settings filtering:   664
    After built-in stripping:   8
    After scriptable stripping: 8
    Processed in 0.00 seconds
    starting compilation...
    finished in 0.00 seconds. Local cache hits 8 (0.01s CPU time), remote cache hits 0 (0.00s CPU time), compiled 0 variants (0.00s CPU time), skipped 0 variants
    Prepared data for serialisation in 0.00s
Compiling shader "Legacy Shaders/Diffuse" pass "FORWARD" (fp)
    Full variant space:         504
    After settings filtering:   504
    After built-in stripping:   4
    After scriptable stripping: 4
    Processed in 0.00 seconds
    starting compilation...
    finished in 0.00 seconds. Local cache hits 4 (0.00s CPU time), remote cache hits 0 (0.00s CPU time), compiled 0 variants (0.00s CPU time), skipped 0 variants
    Prepared data for serialisation in 0.00s
Compiling shader "Legacy Shaders/Diffuse" pass "FORWARD" (vp)
    Full variant space:         20
    After settings filtering:   20
    After built-in stripping:   5
    After scriptable stripping: 5
    Processed in 0.00 seconds
    starting compilation...
    finished in 0.00 seconds. Local cache hits 5 (0.01s CPU time), remote cache hits 0 (0.00s CPU time), compiled 0 variants (0.00s CPU time), skipped 0 variants
    Prepared data for serialisation in 0.00s
Compiling shader "Legacy Shaders/Diffuse" pass "FORWARD" (fp)
    Full variant space:         20
    After settings filtering:   20
    After built-in stripping:   5
    After scriptable stripping: 5
    Processed in 0.00 seconds
    starting compilation...
    finished in 0.00 seconds. Local cache hits 5 (0.01s CPU time), remote cache hits 0 (0.00s CPU time), compiled 0 variants (0.00s CPU time), skipped 0 variants
    Prepared data for serialisation in 0.00s
Compiling shader "Legacy Shaders/Diffuse" pass "DEFERRED" (vp)
    Full variant space:         76
    After settings filtering:   76
    After built-in stripping:   4
    After scriptable stripping: 4
    Processed in 0.00 seconds
    starting compilation...
    finished in 0.00 seconds. Local cache hits 4 (0.00s CPU time), remote cache hits 0 (0.00s CPU time), compiled 0 variants (0.00s CPU time), skipped 0 variants
    Prepared data for serialisation in 0.00s
Compiling shader "Legacy Shaders/Diffuse" pass "DEFERRED" (fp)
    Full variant space:         76
    After settings filtering:   76
    After built-in stripping:   4
    After scriptable stripping: 4
    Processed in 0.00 seconds
    starting compilation...
    finished in 0.00 seconds. Local cache hits 4 (0.00s CPU time), remote cache hits 0 (0.00s CPU time), compiled 0 variants (0.00s CPU time), skipped 0 variants
    Prepared data for serialisation in 0.00s
Serialized binary data for shader Legacy Shaders/Diffuse in 0.00s
    d3d11 (total internal programs: 30, unique: 30)
Compiling shader "Hidden/Internal-StencilWrite" pass "" (vp)
    Full variant space:         1
    After settings filtering:   1
    After built-in stripping:   1
    After scriptable stripping: 1
    Processed in 0.00 seconds
    starting compilation...
    finished in 0.00 seconds. Local cache hits 1 (0.00s CPU time), remote cache hits 0 (0.00s CPU time), compiled 0 variants (0.00s CPU time), skipped 0 variants
    Prepared data for serialisation in 0.00s
Compiling shader "Hidden/Internal-StencilWrite" pass "" (fp)
    Full variant space:         1
    After settings filtering:   1
    After built-in stripping:   1
    After scriptable stripping: 1
    Processed in 0.00 seconds
    starting compilation...
    finished in 0.00 seconds. Local cache hits 1 (0.00s CPU time), remote cache hits 0 (0.00s CPU time), compiled 0 variants (0.00s CPU time), skipped 0 variants
    Prepared data for serialisation in 0.00s
Serialized binary data for shader Hidden/Internal-StencilWrite in 0.00s
    d3d11 (total internal programs: 2, unique: 2)
Compiling shader "Hidden/Internal-DepthNormalsTexture" pass "" (vp)
    Full variant space:         1
    After settings filtering:   1
    After built-in stripping:   1
    After scriptable stripping: 1
    Processed in 0.00 seconds
    starting compilation...
    finished in 0.00 seconds. Local cache hits 1 (0.00s CPU time), remote cache hits 0 (0.00s CPU time), compiled 0 variants (0.00s CPU time), skipped 0 variants
    Prepared data for serialisation in 0.00s
Compiling shader "Hidden/Internal-DepthNormalsTexture" pass "" (fp)
    Full variant space:         1
    After settings filtering:   1
    After built-in stripping:   1
    After scriptable stripping: 1
    Processed in 0.00 seconds
    starting compilation...
    finished in 0.00 seconds. Local cache hits 1 (0.00s CPU time), remote cache hits 0 (0.00s CPU time), compiled 0 variants (0.00s CPU time), skipped 0 variants
    Prepared data for serialisation in 0.00s
Compiling shader "Hidden/Internal-DepthNormalsTexture" pass "" (vp)
    Full variant space:         1
    After settings filtering:   1
    After built-in stripping:   1
    After scriptable stripping: 1
    Processed in 0.00 seconds
    starting compilation...
    finished in 0.00 seconds. Local cache hits 1 (0.00s CPU time), remote cache hits 0 (0.00s CPU time), compiled 0 variants (0.00s CPU time), skipped 0 variants
    Prepared data for serialisation in 0.00s
Compiling shader "Hidden/Internal-DepthNormalsTexture" pass "" (fp)
    Full variant space:         1
    After settings filtering:   1
    After built-in stripping:   1
    After scriptable stripping: 1
    Processed in 0.00 seconds
    starting compilation...
    finished in 0.00 seconds. Local cache hits 1 (0.00s CPU time), remote cache hits 0 (0.00s CPU time), compiled 0 variants (0.00s CPU time), skipped 0 variants
    Prepared data for serialisation in 0.00s
Compiling shader "Hidden/Internal-DepthNormalsTexture" pass "" (vp)
    Full variant space:         1
    After settings filtering:   1
    After built-in stripping:   1
    After scriptable stripping: 1
    Processed in 0.00 seconds
    starting compilation...
    finished in 0.00 seconds. Local cache hits 1 (0.00s CPU time), remote cache hits 0 (0.00s CPU time), compiled 0 variants (0.00s CPU time), skipped 0 variants
    Prepared data for serialisation in 0.00s
Compiling shader "Hidden/Internal-DepthNormalsTexture" pass "" (fp)
    Full variant space:         1
    After settings filtering:   1
    After built-in stripping:   1
    After scriptable stripping: 1
    Processed in 0.00 seconds
    starting compilation...
    finished in 0.00 seconds. Local cache hits 1 (0.00s CPU time), remote cache hits 0 (0.00s CPU time), compiled 0 variants (0.00s CPU time), skipped 0 variants
    Prepared data for serialisation in 0.00s
Compiling shader "Hidden/Internal-DepthNormalsTexture" pass "" (vp)
    Full variant space:         1
    After settings filtering:   1
    After built-in stripping:   1
    After scriptable stripping: 1
    Processed in 0.00 seconds
    starting compilation...
    finished in 0.00 seconds. Local cache hits 1 (0.00s CPU time), remote cache hits 0 (0.00s CPU time), compiled 0 variants (0.00s CPU time), skipped 0 variants
    Prepared data for serialisation in 0.00s
Compiling shader "Hidden/Internal-DepthNormalsTexture" pass "" (fp)
    Full variant space:         1
    After settings filtering:   1
    After built-in stripping:   1
    After scriptable stripping: 1
    Processed in 0.00 seconds
    starting compilation...
    finished in 0.00 seconds. Local cache hits 1 (0.00s CPU time), remote cache hits 0 (0.00s CPU time), compiled 0 variants (0.00s CPU time), skipped 0 variants
    Prepared data for serialisation in 0.00s
Compiling shader "Hidden/Internal-DepthNormalsTexture" pass "" (vp)
    Full variant space:         1
    After settings filtering:   1
    After built-in stripping:   1
    After scriptable stripping: 1
    Processed in 0.00 seconds
    starting compilation...
    finished in 0.00 seconds. Local cache hits 1 (0.00s CPU time), remote cache hits 0 (0.00s CPU time), compiled 0 variants (0.00s CPU time), skipped 0 variants
    Prepared data for serialisation in 0.00s
Compiling shader "Hidden/Internal-DepthNormalsTexture" pass "" (fp)
    Full variant space:         1
    After settings filtering:   1
    After built-in stripping:   1
    After scriptable stripping: 1
    Processed in 0.00 seconds
    starting compilation...
    finished in 0.00 seconds. Local cache hits 1 (0.00s CPU time), remote cache hits 0 (0.00s CPU time), compiled 0 variants (0.00s CPU time), skipped 0 variants
    Prepared data for serialisation in 0.00s
Compiling shader "Hidden/Internal-DepthNormalsTexture" pass "" (vp)
    Full variant space:         1
    After settings filtering:   1
    After built-in stripping:   1
    After scriptable stripping: 1
    Processed in 0.00 seconds
    starting compilation...
    finished in 0.00 seconds. Local cache hits 1 (0.00s CPU time), remote cache hits 0 (0.00s CPU time), compiled 0 variants (0.00s CPU time), skipped 0 variants
    Prepared data for serialisation in 0.00s
Compiling shader "Hidden/Internal-DepthNormalsTexture" pass "" (fp)
    Full variant space:         1
    After settings filtering:   1
    After built-in stripping:   1
    After scriptable stripping: 1
    Processed in 0.00 seconds
    starting compilation...
    finished in 0.00 seconds. Local cache hits 1 (0.00s CPU time), remote cache hits 0 (0.00s CPU time), compiled 0 variants (0.00s CPU time), skipped 0 variants
    Prepared data for serialisation in 0.00s
Compiling shader "Hidden/Internal-DepthNormalsTexture" pass "" (vp)
    Full variant space:         1
    After settings filtering:   1
    After built-in stripping:   1
    After scriptable stripping: 1
    Processed in 0.00 seconds
    starting compilation...
    finished in 0.00 seconds. Local cache hits 1 (0.00s CPU time), remote cache hits 0 (0.00s CPU time), compiled 0 variants (0.00s CPU time), skipped 0 variants
    Prepared data for serialisation in 0.00s
Compiling shader "Hidden/Internal-DepthNormalsTexture" pass "" (fp)
    Full variant space:         1
    After settings filtering:   1
    After built-in stripping:   1
    After scriptable stripping: 1
    Processed in 0.00 seconds
    starting compilation...
    finished in 0.00 seconds. Local cache hits 1 (0.00s CPU time), remote cache hits 0 (0.00s CPU time), compiled 0 variants (0.00s CPU time), skipped 0 variants
    Prepared data for serialisation in 0.00s
Compiling shader "Hidden/Internal-DepthNormalsTexture" pass "" (vp)
    Full variant space:         1
    After settings filtering:   1
    After built-in stripping:   1
    After scriptable stripping: 1
    Processed in 0.00 seconds
    starting compilation...
    finished in 0.00 seconds. Local cache hits 1 (0.00s CPU time), remote cache hits 0 (0.00s CPU time), compiled 0 variants (0.00s CPU time), skipped 0 variants
    Prepared data for serialisation in 0.00s
Compiling shader "Hidden/Internal-DepthNormalsTexture" pass "" (fp)
    Full variant space:         1
    After settings filtering:   1
    After built-in stripping:   1
    After scriptable stripping: 1
    Processed in 0.00 seconds
    starting compilation...
    finished in 0.00 seconds. Local cache hits 1 (0.00s CPU time), remote cache hits 0 (0.00s CPU time), compiled 0 variants (0.00s CPU time), skipped 0 variants
    Prepared data for serialisation in 0.00s
Compiling shader "Hidden/Internal-DepthNormalsTexture" pass "" (vp)
    Full variant space:         1
    After settings filtering:   1
    After built-in stripping:   1
    After scriptable stripping: 1
    Processed in 0.00 seconds
    starting compilation...
    finished in 0.00 seconds. Local cache hits 1 (0.00s CPU time), remote cache hits 0 (0.00s CPU time), compiled 0 variants (0.00s CPU time), skipped 0 variants
    Prepared data for serialisation in 0.00s
Compiling shader "Hidden/Internal-DepthNormalsTexture" pass "" (fp)
    Full variant space:         1
    After settings filtering:   1
    After built-in stripping:   1
    After scriptable stripping: 1
    Processed in 0.00 seconds
    starting compilation...
    finished in 0.00 seconds. Local cache hits 1 (0.00s CPU time), remote cache hits 0 (0.00s CPU time), compiled 0 variants (0.00s CPU time), skipped 0 variants
    Prepared data for serialisation in 0.00s
Compiling shader "Hidden/Internal-DepthNormalsTexture" pass "" (vp)
    Full variant space:         1
    After settings filtering:   1
    After built-in stripping:   1
    After scriptable stripping: 1
    Processed in 0.00 seconds
    starting compilation...
    finished in 0.00 seconds. Local cache hits 1 (0.00s CPU time), remote cache hits 0 (0.00s CPU time), compiled 0 variants (0.00s CPU time), skipped 0 variants
    Prepared data for serialisation in 0.00s
Compiling shader "Hidden/Internal-DepthNormalsTexture" pass "" (fp)
    Full variant space:         1
    After settings filtering:   1
    After built-in stripping:   1
    After scriptable stripping: 1
    Processed in 0.00 seconds
    starting compilation...
    finished in 0.00 seconds. Local cache hits 1 (0.00s CPU time), remote cache hits 0 (0.00s CPU time), compiled 0 variants (0.00s CPU time), skipped 0 variants
    Prepared data for serialisation in 0.00s
Serialized binary data for shader Hidden/Internal-DepthNormalsTexture in 0.00s
    d3d11 (total internal programs: 20, unique: 17)
Compiling shader "Hidden/Internal-ScreenSpaceShadows" pass "" (vp)
    Full variant space:         4
    After settings filtering:   4
    After built-in stripping:   4
    After scriptable stripping: 4
    Processed in 0.00 seconds
    starting compilation...
    finished in 0.00 seconds. Local cache hits 4 (0.00s CPU time), remote cache hits 0 (0.00s CPU time), compiled 0 variants (0.00s CPU time), skipped 0 variants
    Prepared data for serialisation in 0.00s
Compiling shader "Hidden/Internal-ScreenSpaceShadows" pass "" (fp)
    Full variant space:         4
    After settings filtering:   4
    After built-in stripping:   4
    After scriptable stripping: 4
    Processed in 0.00 seconds
    starting compilation...
    finished in 0.00 seconds. Local cache hits 4 (0.00s CPU time), remote cache hits 0 (0.00s CPU time), compiled 0 variants (0.00s CPU time), skipped 0 variants
    Prepared data for serialisation in 0.00s
Compiling shader "Hidden/Internal-ScreenSpaceShadows" pass "" (vp)
    Full variant space:         4
    After settings filtering:   4
    After built-in stripping:   4
    After scriptable stripping: 4
    Processed in 0.00 seconds
    starting compilation...
    finished in 0.00 seconds. Local cache hits 4 (0.00s CPU time), remote cache hits 0 (0.00s CPU time), compiled 0 variants (0.00s CPU time), skipped 0 variants
    Prepared data for serialisation in 0.00s
Compiling shader "Hidden/Internal-ScreenSpaceShadows" pass "" (fp)
    Full variant space:         4
    After settings filtering:   4
    After built-in stripping:   4
    After scriptable stripping: 4
    Processed in 0.00 seconds
    starting compilation...
    finished in 0.00 seconds. Local cache hits 4 (0.01s CPU time), remote cache hits 0 (0.00s CPU time), compiled 0 variants (0.00s CPU time), skipped 0 variants
    Prepared data for serialisation in 0.00s
Compiling shader "Hidden/Internal-ScreenSpaceShadows" pass "" (vp)
    Full variant space:         4
    After settings filtering:   4
    After built-in stripping:   4
    After scriptable stripping: 4
    Processed in 0.00 seconds
    starting compilation...
    finished in 0.00 seconds. Local cache hits 4 (0.00s CPU time), remote cache hits 0 (0.00s CPU time), compiled 0 variants (0.00s CPU time), skipped 0 variants
    Prepared data for serialisation in 0.00s
Compiling shader "Hidden/Internal-ScreenSpaceShadows" pass "" (fp)
    Full variant space:         4
    After settings filtering:   4
    After built-in stripping:   4
    After scriptable stripping: 4
    Processed in 0.00 seconds
    starting compilation...
    finished in 0.00 seconds. Local cache hits 4 (0.00s CPU time), remote cache hits 0 (0.00s CPU time), compiled 0 variants (0.00s CPU time), skipped 0 variants
    Prepared data for serialisation in 0.00s
Compiling shader "Hidden/Internal-ScreenSpaceShadows" pass "" (vp)
    Full variant space:         4
    After settings filtering:   4
    After built-in stripping:   4
    After scriptable stripping: 4
    Processed in 0.00 seconds
    starting compilation...
    finished in 0.00 seconds. Local cache hits 4 (0.00s CPU time), remote cache hits 0 (0.00s CPU time), compiled 0 variants (0.00s CPU time), skipped 0 variants
    Prepared data for serialisation in 0.00s
Compiling shader "Hidden/Internal-ScreenSpaceShadows" pass "" (fp)
    Full variant space:         4
    After settings filtering:   4
    After built-in stripping:   4
    After scriptable stripping: 4
    Processed in 0.00 seconds
    starting compilation...
    finished in 0.00 seconds. Local cache hits 4 (0.00s CPU time), remote cache hits 0 (0.00s CPU time), compiled 0 variants (0.00s CPU time), skipped 0 variants
    Prepared data for serialisation in 0.00s
Serialized binary data for shader Hidden/Internal-ScreenSpaceShadows in 0.00s
    d3d11 (total internal programs: 32, unique: 20)
Compiling shader "Hidden/Internal-CombineDepthNormals" pass "" (vp)
    Full variant space:         1
    After settings filtering:   1
    After built-in stripping:   1
    After scriptable stripping: 1
    Processed in 0.00 seconds
    starting compilation...
    finished in 0.00 seconds. Local cache hits 1 (0.00s CPU time), remote cache hits 0 (0.00s CPU time), compiled 0 variants (0.00s CPU time), skipped 0 variants
    Prepared data for serialisation in 0.00s
Compiling shader "Hidden/Internal-CombineDepthNormals" pass "" (fp)
    Full variant space:         1
    After settings filtering:   1
    After built-in stripping:   1
    After scriptable stripping: 1
    Processed in 0.00 seconds
    starting compilation...
    finished in 0.00 seconds. Local cache hits 1 (0.00s CPU time), remote cache hits 0 (0.00s CPU time), compiled 0 variants (0.00s CPU time), skipped 0 variants
    Prepared data for serialisation in 0.00s
Serialized binary data for shader Hidden/Internal-CombineDepthNormals in 0.00s
    d3d11 (total internal programs: 2, unique: 2)
Compiling shader "Hidden/BlitCopy" pass "" (vp)
    Full variant space:         1
    After settings filtering:   1
    After built-in stripping:   1
    After scriptable stripping: 1
    Processed in 0.00 seconds
    starting compilation...
    finished in 0.00 seconds. Local cache hits 1 (0.00s CPU time), remote cache hits 0 (0.00s CPU time), compiled 0 variants (0.00s CPU time), skipped 0 variants
    Prepared data for serialisation in 0.00s
Compiling shader "Hidden/BlitCopy" pass "" (fp)
    Full variant space:         1
    After settings filtering:   1
    After built-in stripping:   1
    After scriptable stripping: 1
    Processed in 0.00 seconds
    starting compilation...
    finished in 0.00 seconds. Local cache hits 1 (0.00s CPU time), remote cache hits 0 (0.00s CPU time), compiled 0 variants (0.00s CPU time), skipped 0 variants
    Prepared data for serialisation in 0.00s
Serialized binary data for shader Hidden/BlitCopy in 0.00s
    d3d11 (total internal programs: 2, unique: 2)
Compiling shader "Hidden/BlitCopyDepth" pass "" (vp)
    Full variant space:         1
    After settings filtering:   1
    After built-in stripping:   1
    After scriptable stripping: 1
    Processed in 0.00 seconds
    starting compilation...
    finished in 0.00 seconds. Local cache hits 1 (0.00s CPU time), remote cache hits 0 (0.00s CPU time), compiled 0 variants (0.00s CPU time), skipped 0 variants
    Prepared data for serialisation in 0.00s
Compiling shader "Hidden/BlitCopyDepth" pass "" (fp)
    Full variant space:         1
    After settings filtering:   1
    After built-in stripping:   1
    After scriptable stripping: 1
    Processed in 0.00 seconds
    starting compilation...
    finished in 0.00 seconds. Local cache hits 1 (0.00s CPU time), remote cache hits 0 (0.00s CPU time), compiled 0 variants (0.00s CPU time), skipped 0 variants
    Prepared data for serialisation in 0.00s
Serialized binary data for shader Hidden/BlitCopyDepth in 0.00s
    d3d11 (total internal programs: 2, unique: 2)
Compiling shader "Hidden/ConvertTexture" pass "" (vp)
    Full variant space:         1
    After settings filtering:   1
    After built-in stripping:   1
    After scriptable stripping: 1
    Processed in 0.00 seconds
    starting compilation...
    finished in 0.00 seconds. Local cache hits 1 (0.00s CPU time), remote cache hits 0 (0.00s CPU time), compiled 0 variants (0.00s CPU time), skipped 0 variants
    Prepared data for serialisation in 0.00s
Compiling shader "Hidden/ConvertTexture" pass "" (fp)
    Full variant space:         1
    After settings filtering:   1
    After built-in stripping:   1
    After scriptable stripping: 1
    Processed in 0.00 seconds
    starting compilation...
    finished in 0.00 seconds. Local cache hits 1 (0.00s CPU time), remote cache hits 0 (0.00s CPU time), compiled 0 variants (0.00s CPU time), skipped 0 variants
    Prepared data for serialisation in 0.00s
Serialized binary data for shader Hidden/ConvertTexture in 0.00s
    d3d11 (total internal programs: 2, unique: 2)
Compiling shader "Hidden/Internal-DeferredShading" pass "" (vp)
    Full variant space:         94
    After settings filtering:   94
    After built-in stripping:   26
    After scriptable stripping: 26
    Processed in 0.00 seconds
    starting compilation...
    finished in 0.00 seconds. Local cache hits 26 (0.04s CPU time), remote cache hits 0 (0.00s CPU time), compiled 0 variants (0.00s CPU time), skipped 0 variants
    Prepared data for serialisation in 0.00s
Compiling shader "Hidden/Internal-DeferredShading" pass "" (fp)
    Full variant space:         94
    After settings filtering:   94
    After built-in stripping:   26
    After scriptable stripping: 26
    Processed in 0.00 seconds
    starting compilation...
    finished in 0.00 seconds. Local cache hits 26 (0.04s CPU time), remote cache hits 0 (0.00s CPU time), compiled 0 variants (0.00s CPU time), skipped 0 variants
    Prepared data for serialisation in 0.00s
Compiling shader "Hidden/Internal-DeferredShading" pass "" (vp)
    Full variant space:         1
    After settings filtering:   1
    After built-in stripping:   1
    After scriptable stripping: 1
    Processed in 0.00 seconds
    starting compilation...
    finished in 0.00 seconds. Local cache hits 1 (0.00s CPU time), remote cache hits 0 (0.00s CPU time), compiled 0 variants (0.00s CPU time), skipped 0 variants
    Prepared data for serialisation in 0.00s
Compiling shader "Hidden/Internal-DeferredShading" pass "" (fp)
    Full variant space:         1
    After settings filtering:   1
    After built-in stripping:   1
    After scriptable stripping: 1
    Processed in 0.00 seconds
    starting compilation...
    finished in 0.00 seconds. Local cache hits 1 (0.00s CPU time), remote cache hits 0 (0.00s CPU time), compiled 0 variants (0.00s CPU time), skipped 0 variants
    Prepared data for serialisation in 0.00s
Serialized binary data for shader Hidden/Internal-DeferredShading in 0.00s
    d3d11 (total internal programs: 54, unique: 54)
Compiling shader "Hidden/Internal-DeferredReflections" pass "" (vp)
    Full variant space:         1
    After settings filtering:   1
    After built-in stripping:   1
    After scriptable stripping: 1
    Processed in 0.00 seconds
    starting compilation...
    finished in 0.00 seconds. Local cache hits 1 (0.00s CPU time), remote cache hits 0 (0.00s CPU time), compiled 0 variants (0.00s CPU time), skipped 0 variants
    Prepared data for serialisation in 0.00s
Compiling shader "Hidden/Internal-DeferredReflections" pass "" (fp)
    Full variant space:         1
    After settings filtering:   1
    After built-in stripping:   1
    After scriptable stripping: 1
    Processed in 0.00 seconds
    starting compilation...
    finished in 0.00 seconds. Local cache hits 1 (0.00s CPU time), remote cache hits 0 (0.00s CPU time), compiled 0 variants (0.00s CPU time), skipped 0 variants
    Prepared data for serialisation in 0.00s
Compiling shader "Hidden/Internal-DeferredReflections" pass "" (vp)
    Full variant space:         2
    After settings filtering:   2
    After built-in stripping:   2
    After scriptable stripping: 2
    Processed in 0.00 seconds
    starting compilation...
    finished in 0.00 seconds. Local cache hits 2 (0.00s CPU time), remote cache hits 0 (0.00s CPU time), compiled 0 variants (0.00s CPU time), skipped 0 variants
    Prepared data for serialisation in 0.00s
Compiling shader "Hidden/Internal-DeferredReflections" pass "" (fp)
    Full variant space:         2
    After settings filtering:   2
    After built-in stripping:   2
    After scriptable stripping: 2
    Processed in 0.00 seconds
    starting compilation...
    finished in 0.00 seconds. Local cache hits 2 (0.00s CPU time), remote cache hits 0 (0.00s CPU time), compiled 0 variants (0.00s CPU time), skipped 0 variants
    Prepared data for serialisation in 0.00s
Serialized binary data for shader Hidden/Internal-DeferredReflections in 0.00s
    d3d11 (total internal programs: 6, unique: 6)
Compiling shader "Hidden/Internal-MotionVectors" pass "" (vp)
    Full variant space:         1
    After settings filtering:   1
    After built-in stripping:   1
    After scriptable stripping: 1
    Processed in 0.00 seconds
    starting compilation...
    finished in 0.00 seconds. Local cache hits 1 (0.00s CPU time), remote cache hits 0 (0.00s CPU time), compiled 0 variants (0.00s CPU time), skipped 0 variants
    Prepared data for serialisation in 0.00s
Compiling shader "Hidden/Internal-MotionVectors" pass "" (fp)
    Full variant space:         1
    After settings filtering:   1
    After built-in stripping:   1
    After scriptable stripping: 1
    Processed in 0.00 seconds
    starting compilation...
    finished in 0.00 seconds. Local cache hits 1 (0.00s CPU time), remote cache hits 0 (0.00s CPU time), compiled 0 variants (0.00s CPU time), skipped 0 variants
    Prepared data for serialisation in 0.00s
Compiling shader "Hidden/Internal-MotionVectors" pass "" (vp)
    Full variant space:         1
    After settings filtering:   1
    After built-in stripping:   1
    After scriptable stripping: 1
    Processed in 0.00 seconds
    starting compilation...
    finished in 0.00 seconds. Local cache hits 1 (0.00s CPU time), remote cache hits 0 (0.00s CPU time), compiled 0 variants (0.00s CPU time), skipped 0 variants
    Prepared data for serialisation in 0.00s
Compiling shader "Hidden/Internal-MotionVectors" pass "" (fp)
    Full variant space:         1
    After settings filtering:   1
    After built-in stripping:   1
    After scriptable stripping: 1
    Processed in 0.00 seconds
    starting compilation...
    finished in 0.00 seconds. Local cache hits 1 (0.00s CPU time), remote cache hits 0 (0.00s CPU time), compiled 0 variants (0.00s CPU time), skipped 0 variants
    Prepared data for serialisation in 0.00s
Compiling shader "Hidden/Internal-MotionVectors" pass "" (vp)
    Full variant space:         1
    After settings filtering:   1
    After built-in stripping:   1
    After scriptable stripping: 1
    Processed in 0.00 seconds
    starting compilation...
    finished in 0.00 seconds. Local cache hits 1 (0.00s CPU time), remote cache hits 0 (0.00s CPU time), compiled 0 variants (0.00s CPU time), skipped 0 variants
    Prepared data for serialisation in 0.00s
Compiling shader "Hidden/Internal-MotionVectors" pass "" (fp)
    Full variant space:         1
    After settings filtering:   1
    After built-in stripping:   1
    After scriptable stripping: 1
    Processed in 0.00 seconds
    starting compilation...
    finished in 0.00 seconds. Local cache hits 1 (0.00s CPU time), remote cache hits 0 (0.00s CPU time), compiled 0 variants (0.00s CPU time), skipped 0 variants
    Prepared data for serialisation in 0.00s
Serialized binary data for shader Hidden/Internal-MotionVectors in 0.00s
    d3d11 (total internal programs: 6, unique: 5)
Compiling shader "Hidden/Internal-Flare" pass "" (vp)
    Full variant space:         1
    After settings filtering:   1
    After built-in stripping:   1
    After scriptable stripping: 1
    Processed in 0.00 seconds
    starting compilation...
    finished in 0.00 seconds. Local cache hits 1 (0.00s CPU time), remote cache hits 0 (0.00s CPU time), compiled 0 variants (0.00s CPU time), skipped 0 variants
    Prepared data for serialisation in 0.00s
Compiling shader "Hidden/Internal-Flare" pass "" (fp)
    Full variant space:         1
    After settings filtering:   1
    After built-in stripping:   1
    After scriptable stripping: 1
    Processed in 0.00 seconds
    starting compilation...
    finished in 0.00 seconds. Local cache hits 1 (0.00s CPU time), remote cache hits 0 (0.00s CPU time), compiled 0 variants (0.00s CPU time), skipped 0 variants
    Prepared data for serialisation in 0.00s
Serialized binary data for shader Hidden/Internal-Flare in 0.00s
    d3d11 (total internal programs: 2, unique: 2)
Compiling shader "Hidden/Internal-Halo" pass "" (vp)
    Full variant space:         4
    After settings filtering:   4
    After built-in stripping:   1
    After scriptable stripping: 1
    Processed in 0.00 seconds
    starting compilation...
    finished in 0.00 seconds. Local cache hits 1 (0.00s CPU time), remote cache hits 0 (0.00s CPU time), compiled 0 variants (0.00s CPU time), skipped 0 variants
    Prepared data for serialisation in 0.00s
Compiling shader "Hidden/Internal-Halo" pass "" (fp)
    Full variant space:         4
    After settings filtering:   4
    After built-in stripping:   1
    After scriptable stripping: 1
    Processed in 0.00 seconds
    starting compilation...
    finished in 0.00 seconds. Local cache hits 1 (0.00s CPU time), remote cache hits 0 (0.00s CPU time), compiled 0 variants (0.00s CPU time), skipped 0 variants
    Prepared data for serialisation in 0.00s
Serialized binary data for shader Hidden/Internal-Halo in 0.00s
    d3d11 (total internal programs: 2, unique: 2)
Compiling shader "Hidden/BlitCopyWithDepth" pass "" (vp)
    Full variant space:         1
    After settings filtering:   1
    After built-in stripping:   1
    After scriptable stripping: 1
    Processed in 0.00 seconds
    starting compilation...
    finished in 0.00 seconds. Local cache hits 1 (0.00s CPU time), remote cache hits 0 (0.00s CPU time), compiled 0 variants (0.00s CPU time), skipped 0 variants
    Prepared data for serialisation in 0.00s
Compiling shader "Hidden/BlitCopyWithDepth" pass "" (fp)
    Full variant space:         1
    After settings filtering:   1
    After built-in stripping:   1
    After scriptable stripping: 1
    Processed in 0.00 seconds
    starting compilation...
    finished in 0.00 seconds. Local cache hits 1 (0.00s CPU time), remote cache hits 0 (0.00s CPU time), compiled 0 variants (0.00s CPU time), skipped 0 variants
    Prepared data for serialisation in 0.00s
Serialized binary data for shader Hidden/BlitCopyWithDepth in 0.00s
    d3d11 (total internal programs: 2, unique: 2)
Compiling shader "Hidden/BlitToDepth" pass "" (vp)
    Full variant space:         1
    After settings filtering:   1
    After built-in stripping:   1
    After scriptable stripping: 1
    Processed in 0.00 seconds
    starting compilation...
    finished in 0.00 seconds. Local cache hits 1 (0.00s CPU time), remote cache hits 0 (0.00s CPU time), compiled 0 variants (0.00s CPU time), skipped 0 variants
    Prepared data for serialisation in 0.00s
Compiling shader "Hidden/BlitToDepth" pass "" (fp)
    Full variant space:         1
    After settings filtering:   1
    After built-in stripping:   1
    After scriptable stripping: 1
    Processed in 0.00 seconds
    starting compilation...
    finished in 0.00 seconds. Local cache hits 1 (0.00s CPU time), remote cache hits 0 (0.00s CPU time), compiled 0 variants (0.00s CPU time), skipped 0 variants
    Prepared data for serialisation in 0.00s
Serialized binary data for shader Hidden/BlitToDepth in 0.00s
    d3d11 (total internal programs: 2, unique: 2)
Compiling shader "Hidden/BlitToDepth_MSAA" pass "" (vp)
    Full variant space:         1
    After settings filtering:   1
    After built-in stripping:   1
    After scriptable stripping: 1
    Processed in 0.00 seconds
    starting compilation...
    finished in 0.00 seconds. Local cache hits 1 (0.00s CPU time), remote cache hits 0 (0.00s CPU time), compiled 0 variants (0.00s CPU time), skipped 0 variants
    Prepared data for serialisation in 0.00s
Compiling shader "Hidden/BlitToDepth_MSAA" pass "" (fp)
    Full variant space:         1
    After settings filtering:   1
    After built-in stripping:   1
    After scriptable stripping: 1
    Processed in 0.00 seconds
    starting compilation...
    finished in 0.00 seconds. Local cache hits 1 (0.00s CPU time), remote cache hits 0 (0.00s CPU time), compiled 0 variants (0.00s CPU time), skipped 0 variants
    Prepared data for serialisation in 0.00s
Serialized binary data for shader Hidden/BlitToDepth_MSAA in 0.00s
    d3d11 (total internal programs: 2, unique: 2)
Compiling shader "Hidden/BlitCopyHDRTonemap" pass "" (vp)
    Full variant space:         1
    After settings filtering:   1
    After built-in stripping:   1
    After scriptable stripping: 1
    Processed in 0.00 seconds
    starting compilation...
    finished in 0.00 seconds. Local cache hits 1 (0.00s CPU time), remote cache hits 0 (0.00s CPU time), compiled 0 variants (0.00s CPU time), skipped 0 variants
    Prepared data for serialisation in 0.00s
Compiling shader "Hidden/BlitCopyHDRTonemap" pass "" (fp)
    Full variant space:         1
    After settings filtering:   1
    After built-in stripping:   1
    After scriptable stripping: 1
    Processed in 0.00 seconds
    starting compilation...
    finished in 0.00 seconds. Local cache hits 1 (0.00s CPU time), remote cache hits 0 (0.00s CPU time), compiled 0 variants (0.00s CPU time), skipped 0 variants
    Prepared data for serialisation in 0.00s
Serialized binary data for shader Hidden/BlitCopyHDRTonemap in 0.00s
    d3d11 (total internal programs: 2, unique: 2)
Compiling shader "Hidden/Internal-DebugPattern" pass "Target Color and DepthStencil" (vp)
    Full variant space:         1
    After settings filtering:   1
    After built-in stripping:   1
    After scriptable stripping: 1
    Processed in 0.00 seconds
    starting compilation...
    finished in 0.00 seconds. Local cache hits 1 (0.00s CPU time), remote cache hits 0 (0.00s CPU time), compiled 0 variants (0.00s CPU time), skipped 0 variants
    Prepared data for serialisation in 0.00s
Compiling shader "Hidden/Internal-DebugPattern" pass "Target Color and DepthStencil" (fp)
    Full variant space:         1
    After settings filtering:   1
    After built-in stripping:   1
    After scriptable stripping: 1
    Processed in 0.00 seconds
    starting compilation...
    finished in 0.00 seconds. Local cache hits 1 (0.00s CPU time), remote cache hits 0 (0.00s CPU time), compiled 0 variants (0.00s CPU time), skipped 0 variants
    Prepared data for serialisation in 0.00s
Compiling shader "Hidden/Internal-DebugPattern" pass "Target only Color" (vp)
    Full variant space:         1
    After settings filtering:   1
    After built-in stripping:   1
    After scriptable stripping: 1
    Processed in 0.00 seconds
    starting compilation...
    finished in 0.00 seconds. Local cache hits 1 (0.00s CPU time), remote cache hits 0 (0.00s CPU time), compiled 0 variants (0.00s CPU time), skipped 0 variants
    Prepared data for serialisation in 0.00s
Compiling shader "Hidden/Internal-DebugPattern" pass "Target only Color" (fp)
    Full variant space:         1
    After settings filtering:   1
    After built-in stripping:   1
    After scriptable stripping: 1
    Processed in 0.00 seconds
    starting compilation...
    finished in 0.00 seconds. Local cache hits 1 (0.00s CPU time), remote cache hits 0 (0.00s CPU time), compiled 0 variants (0.00s CPU time), skipped 0 variants
    Prepared data for serialisation in 0.00s
Compiling shader "Hidden/Internal-DebugPattern" pass "Target only DepthStencil" (vp)
    Full variant space:         1
    After settings filtering:   1
    After built-in stripping:   1
    After scriptable stripping: 1
    Processed in 0.00 seconds
    starting compilation...
    finished in 0.00 seconds. Local cache hits 1 (0.00s CPU time), remote cache hits 0 (0.00s CPU time), compiled 0 variants (0.00s CPU time), skipped 0 variants
    Prepared data for serialisation in 0.00s
Compiling shader "Hidden/Internal-DebugPattern" pass "Target only DepthStencil" (fp)
    Full variant space:         1
    After settings filtering:   1
    After built-in stripping:   1
    After scriptable stripping: 1
    Processed in 0.00 seconds
    starting compilation...
    finished in 0.00 seconds. Local cache hits 1 (0.00s CPU time), remote cache hits 0 (0.00s CPU time), compiled 0 variants (0.00s CPU time), skipped 0 variants
    Prepared data for serialisation in 0.00s
Serialized binary data for shader Hidden/Internal-DebugPattern in 0.00s
    d3d11 (total internal programs: 6, unique: 4)
Compiling shader "Hidden/Internal-GUITextureClip" pass "" (vp)
    Full variant space:         1
    After settings filtering:   1
    After built-in stripping:   1
    After scriptable stripping: 1
    Processed in 0.00 seconds
    starting compilation...
    finished in 0.00 seconds. Local cache hits 1 (0.00s CPU time), remote cache hits 0 (0.00s CPU time), compiled 0 variants (0.00s CPU time), skipped 0 variants
    Prepared data for serialisation in 0.00s
Compiling shader "Hidden/Internal-GUITextureClip" pass "" (fp)
    Full variant space:         1
    After settings filtering:   1
    After built-in stripping:   1
    After scriptable stripping: 1
    Processed in 0.00 seconds
    starting compilation...
    finished in 0.00 seconds. Local cache hits 1 (0.00s CPU time), remote cache hits 0 (0.00s CPU time), compiled 0 variants (0.00s CPU time), skipped 0 variants
    Prepared data for serialisation in 0.00s
Compiling shader "Hidden/Internal-GUITextureClip" pass "" (vp)
    Full variant space:         1
    After settings filtering:   1
    After built-in stripping:   1
    After scriptable stripping: 1
    Processed in 0.00 seconds
    starting compilation...
    finished in 0.00 seconds. Local cache hits 1 (0.00s CPU time), remote cache hits 0 (0.00s CPU time), compiled 0 variants (0.00s CPU time), skipped 0 variants
    Prepared data for serialisation in 0.00s
Compiling shader "Hidden/Internal-GUITextureClip" pass "" (fp)
    Full variant space:         1
    After settings filtering:   1
    After built-in stripping:   1
    After scriptable stripping: 1
    Processed in 0.00 seconds
    starting compilation...
    finished in 0.00 seconds. Local cache hits 1 (0.00s CPU time), remote cache hits 0 (0.00s CPU time), compiled 0 variants (0.00s CPU time), skipped 0 variants
    Prepared data for serialisation in 0.00s
Serialized binary data for shader Hidden/Internal-GUITextureClip in 0.00s
    d3d11 (total internal programs: 4, unique: 2)
Compiling shader "Hidden/Internal-GUITextureClipText" pass "" (vp)
    Full variant space:         1
    After settings filtering:   1
    After built-in stripping:   1
    After scriptable stripping: 1
    Processed in 0.00 seconds
    starting compilation...
    finished in 0.00 seconds. Local cache hits 1 (0.00s CPU time), remote cache hits 0 (0.00s CPU time), compiled 0 variants (0.00s CPU time), skipped 0 variants
    Prepared data for serialisation in 0.00s
Compiling shader "Hidden/Internal-GUITextureClipText" pass "" (fp)
    Full variant space:         1
    After settings filtering:   1
    After built-in stripping:   1
    After scriptable stripping: 1
    Processed in 0.00 seconds
    starting compilation...
    finished in 0.00 seconds. Local cache hits 1 (0.00s CPU time), remote cache hits 0 (0.00s CPU time), compiled 0 variants (0.00s CPU time), skipped 0 variants
    Prepared data for serialisation in 0.00s
Compiling shader "Hidden/Internal-GUITextureClipText" pass "" (vp)
    Full variant space:         1
    After settings filtering:   1
    After built-in stripping:   1
    After scriptable stripping: 1
    Processed in 0.00 seconds
    starting compilation...
    finished in 0.00 seconds. Local cache hits 1 (0.00s CPU time), remote cache hits 0 (0.00s CPU time), compiled 0 variants (0.00s CPU time), skipped 0 variants
    Prepared data for serialisation in 0.00s
Compiling shader "Hidden/Internal-GUITextureClipText" pass "" (fp)
    Full variant space:         1
    After settings filtering:   1
    After built-in stripping:   1
    After scriptable stripping: 1
    Processed in 0.00 seconds
    starting compilation...
    finished in 0.00 seconds. Local cache hits 1 (0.00s CPU time), remote cache hits 0 (0.00s CPU time), compiled 0 variants (0.00s CPU time), skipped 0 variants
    Prepared data for serialisation in 0.00s
Serialized binary data for shader Hidden/Internal-GUITextureClipText in 0.00s
    d3d11 (total internal programs: 4, unique: 2)
Compiling shader "Hidden/Internal-GUITexture" pass "" (vp)
    Full variant space:         1
    After settings filtering:   1
    After built-in stripping:   1
    After scriptable stripping: 1
    Processed in 0.00 seconds
    starting compilation...
    finished in 0.00 seconds. Local cache hits 1 (0.00s CPU time), remote cache hits 0 (0.00s CPU time), compiled 0 variants (0.00s CPU time), skipped 0 variants
    Prepared data for serialisation in 0.00s
Compiling shader "Hidden/Internal-GUITexture" pass "" (fp)
    Full variant space:         1
    After settings filtering:   1
    After built-in stripping:   1
    After scriptable stripping: 1
    Processed in 0.00 seconds
    starting compilation...
    finished in 0.00 seconds. Local cache hits 1 (0.00s CPU time), remote cache hits 0 (0.00s CPU time), compiled 0 variants (0.00s CPU time), skipped 0 variants
    Prepared data for serialisation in 0.00s
Compiling shader "Hidden/Internal-GUITexture" pass "" (vp)
    Full variant space:         1
    After settings filtering:   1
    After built-in stripping:   1
    After scriptable stripping: 1
    Processed in 0.00 seconds
    starting compilation...
    finished in 0.00 seconds. Local cache hits 1 (0.00s CPU time), remote cache hits 0 (0.00s CPU time), compiled 0 variants (0.00s CPU time), skipped 0 variants
    Prepared data for serialisation in 0.00s
Compiling shader "Hidden/Internal-GUITexture" pass "" (fp)
    Full variant space:         1
    After settings filtering:   1
    After built-in stripping:   1
    After scriptable stripping: 1
    Processed in 0.00 seconds
    starting compilation...
    finished in 0.00 seconds. Local cache hits 1 (0.00s CPU time), remote cache hits 0 (0.00s CPU time), compiled 0 variants (0.00s CPU time), skipped 0 variants
    Prepared data for serialisation in 0.00s
Serialized binary data for shader Hidden/Internal-GUITexture in 0.00s
    d3d11 (total internal programs: 4, unique: 2)
Compiling shader "Hidden/Internal-GUITextureBlit" pass "" (vp)
    Full variant space:         1
    After settings filtering:   1
    After built-in stripping:   1
    After scriptable stripping: 1
    Processed in 0.00 seconds
    starting compilation...
    finished in 0.00 seconds. Local cache hits 1 (0.00s CPU time), remote cache hits 0 (0.00s CPU time), compiled 0 variants (0.00s CPU time), skipped 0 variants
    Prepared data for serialisation in 0.00s
Compiling shader "Hidden/Internal-GUITextureBlit" pass "" (fp)
    Full variant space:         1
    After settings filtering:   1
    After built-in stripping:   1
    After scriptable stripping: 1
    Processed in 0.00 seconds
    starting compilation...
    finished in 0.00 seconds. Local cache hits 1 (0.00s CPU time), remote cache hits 0 (0.00s CPU time), compiled 0 variants (0.00s CPU time), skipped 0 variants
    Prepared data for serialisation in 0.00s
Compiling shader "Hidden/Internal-GUITextureBlit" pass "" (vp)
    Full variant space:         1
    After settings filtering:   1
    After built-in stripping:   1
    After scriptable stripping: 1
    Processed in 0.00 seconds
    starting compilation...
    finished in 0.00 seconds. Local cache hits 1 (0.00s CPU time), remote cache hits 0 (0.00s CPU time), compiled 0 variants (0.00s CPU time), skipped 0 variants
    Prepared data for serialisation in 0.00s
Compiling shader "Hidden/Internal-GUITextureBlit" pass "" (fp)
    Full variant space:         1
    After settings filtering:   1
    After built-in stripping:   1
    After scriptable stripping: 1
    Processed in 0.00 seconds
    starting compilation...
    finished in 0.00 seconds. Local cache hits 1 (0.00s CPU time), remote cache hits 0 (0.00s CPU time), compiled 0 variants (0.00s CPU time), skipped 0 variants
    Prepared data for serialisation in 0.00s
Serialized binary data for shader Hidden/Internal-GUITextureBlit in 0.00s
    d3d11 (total internal programs: 4, unique: 2)
Compiling shader "Hidden/Internal-GUIRoundedRect" pass "" (vp)
    Full variant space:         1
    After settings filtering:   1
    After built-in stripping:   1
    After scriptable stripping: 1
    Processed in 0.00 seconds
    starting compilation...
    finished in 0.00 seconds. Local cache hits 1 (0.00s CPU time), remote cache hits 0 (0.00s CPU time), compiled 0 variants (0.00s CPU time), skipped 0 variants
    Prepared data for serialisation in 0.00s
Compiling shader "Hidden/Internal-GUIRoundedRect" pass "" (fp)
    Full variant space:         1
    After settings filtering:   1
    After built-in stripping:   1
    After scriptable stripping: 1
    Processed in 0.00 seconds
    starting compilation...
    finished in 0.00 seconds. Local cache hits 1 (0.00s CPU time), remote cache hits 0 (0.00s CPU time), compiled 0 variants (0.00s CPU time), skipped 0 variants
    Prepared data for serialisation in 0.00s
Compiling shader "Hidden/Internal-GUIRoundedRect" pass "" (vp)
    Full variant space:         1
    After settings filtering:   1
    After built-in stripping:   1
    After scriptable stripping: 1
    Processed in 0.00 seconds
    starting compilation...
    finished in 0.00 seconds. Local cache hits 1 (0.00s CPU time), remote cache hits 0 (0.00s CPU time), compiled 0 variants (0.00s CPU time), skipped 0 variants
    Prepared data for serialisation in 0.00s
Compiling shader "Hidden/Internal-GUIRoundedRect" pass "" (fp)
    Full variant space:         1
    After settings filtering:   1
    After built-in stripping:   1
    After scriptable stripping: 1
    Processed in 0.00 seconds
    starting compilation...
    finished in 0.00 seconds. Local cache hits 1 (0.00s CPU time), remote cache hits 0 (0.00s CPU time), compiled 0 variants (0.00s CPU time), skipped 0 variants
    Prepared data for serialisation in 0.00s
Serialized binary data for shader Hidden/Internal-GUIRoundedRect in 0.00s
    d3d11 (total internal programs: 4, unique: 2)
Compiling shader "Hidden/Internal-GUIRoundedRectWithColorPerBorder" pass "" (vp)
    Full variant space:         1
    After settings filtering:   1
    After built-in stripping:   1
    After scriptable stripping: 1
    Processed in 0.00 seconds
    starting compilation...
    finished in 0.00 seconds. Local cache hits 1 (0.00s CPU time), remote cache hits 0 (0.00s CPU time), compiled 0 variants (0.00s CPU time), skipped 0 variants
    Prepared data for serialisation in 0.00s
Compiling shader "Hidden/Internal-GUIRoundedRectWithColorPerBorder" pass "" (fp)
    Full variant space:         1
    After settings filtering:   1
    After built-in stripping:   1
    After scriptable stripping: 1
    Processed in 0.00 seconds
    starting compilation...
    finished in 0.00 seconds. Local cache hits 1 (0.00s CPU time), remote cache hits 0 (0.00s CPU time), compiled 0 variants (0.00s CPU time), skipped 0 variants
    Prepared data for serialisation in 0.00s
Compiling shader "Hidden/Internal-GUIRoundedRectWithColorPerBorder" pass "" (vp)
    Full variant space:         1
    After settings filtering:   1
    After built-in stripping:   1
    After scriptable stripping: 1
    Processed in 0.00 seconds
    starting compilation...
    finished in 0.00 seconds. Local cache hits 1 (0.00s CPU time), remote cache hits 0 (0.00s CPU time), compiled 0 variants (0.00s CPU time), skipped 0 variants
    Prepared data for serialisation in 0.00s
Compiling shader "Hidden/Internal-GUIRoundedRectWithColorPerBorder" pass "" (fp)
    Full variant space:         1
    After settings filtering:   1
    After built-in stripping:   1
    After scriptable stripping: 1
    Processed in 0.00 seconds
    starting compilation...
    finished in 0.00 seconds. Local cache hits 1 (0.00s CPU time), remote cache hits 0 (0.00s CPU time), compiled 0 variants (0.00s CPU time), skipped 0 variants
    Prepared data for serialisation in 0.00s
Serialized binary data for shader Hidden/Internal-GUIRoundedRectWithColorPerBorder in 0.00s
    d3d11 (total internal programs: 4, unique: 2)
Compiling shader "Hidden/Internal-UIRDefault" pass "" (vp)
    Full variant space:         1
    After settings filtering:   1
    After built-in stripping:   1
    After scriptable stripping: 1
    Processed in 0.00 seconds
    starting compilation...
    finished in 0.00 seconds. Local cache hits 1 (0.00s CPU time), remote cache hits 0 (0.00s CPU time), compiled 0 variants (0.00s CPU time), skipped 0 variants
    Prepared data for serialisation in 0.00s
Compiling shader "Hidden/Internal-UIRDefault" pass "" (fp)
    Full variant space:         1
    After settings filtering:   1
    After built-in stripping:   1
    After scriptable stripping: 1
    Processed in 0.00 seconds
    starting compilation...
    finished in 0.00 seconds. Local cache hits 1 (0.00s CPU time), remote cache hits 0 (0.00s CPU time), compiled 0 variants (0.00s CPU time), skipped 0 variants
    Prepared data for serialisation in 0.00s
Compiling shader "Hidden/Internal-UIRDefault" pass "" (vp)
    Full variant space:         1
    After settings filtering:   1
    After built-in stripping:   1
    After scriptable stripping: 1
    Processed in 0.00 seconds
    starting compilation...
    finished in 0.00 seconds. Local cache hits 1 (0.00s CPU time), remote cache hits 0 (0.00s CPU time), compiled 0 variants (0.00s CPU time), skipped 0 variants
    Prepared data for serialisation in 0.00s
Compiling shader "Hidden/Internal-UIRDefault" pass "" (fp)
    Full variant space:         1
    After settings filtering:   1
    After built-in stripping:   1
    After scriptable stripping: 1
    Processed in 0.00 seconds
    starting compilation...
    finished in 0.00 seconds. Local cache hits 1 (0.00s CPU time), remote cache hits 0 (0.00s CPU time), compiled 0 variants (0.00s CPU time), skipped 0 variants
    Prepared data for serialisation in 0.00s
Serialized binary data for shader Hidden/Internal-UIRDefault in 0.00s
    d3d11 (total internal programs: 4, unique: 4)
Compiling shader "Hidden/Internal-UIRAtlasBlitCopy" pass "" (vp)
    Full variant space:         1
    After settings filtering:   1
    After built-in stripping:   1
    After scriptable stripping: 1
    Processed in 0.00 seconds
    starting compilation...
    finished in 0.00 seconds. Local cache hits 1 (0.00s CPU time), remote cache hits 0 (0.00s CPU time), compiled 0 variants (0.00s CPU time), skipped 0 variants
    Prepared data for serialisation in 0.00s
Compiling shader "Hidden/Internal-UIRAtlasBlitCopy" pass "" (fp)
    Full variant space:         1
    After settings filtering:   1
    After built-in stripping:   1
    After scriptable stripping: 1
    Processed in 0.00 seconds
    starting compilation...
    finished in 0.00 seconds. Local cache hits 1 (0.00s CPU time), remote cache hits 0 (0.00s CPU time), compiled 0 variants (0.00s CPU time), skipped 0 variants
    Prepared data for serialisation in 0.00s
Serialized binary data for shader Hidden/Internal-UIRAtlasBlitCopy in 0.00s
    d3d11 (total internal programs: 2, unique: 2)
Compiling shader "Hidden/Internal-UIRDefaultWorld" pass "" (vp)
    Full variant space:         1
    After settings filtering:   1
    After built-in stripping:   1
    After scriptable stripping: 1
    Processed in 0.00 seconds
    starting compilation...
    finished in 0.00 seconds. Local cache hits 1 (0.00s CPU time), remote cache hits 0 (0.00s CPU time), compiled 0 variants (0.00s CPU time), skipped 0 variants
    Prepared data for serialisation in 0.00s
Compiling shader "Hidden/Internal-UIRDefaultWorld" pass "" (fp)
    Full variant space:         1
    After settings filtering:   1
    After built-in stripping:   1
    After scriptable stripping: 1
    Processed in 0.00 seconds
    starting compilation...
    finished in 0.00 seconds. Local cache hits 1 (0.00s CPU time), remote cache hits 0 (0.00s CPU time), compiled 0 variants (0.00s CPU time), skipped 0 variants
    Prepared data for serialisation in 0.00s
Compiling shader "Hidden/Internal-UIRDefaultWorld" pass "" (vp)
    Full variant space:         1
    After settings filtering:   1
    After built-in stripping:   1
    After scriptable stripping: 1
    Processed in 0.00 seconds
    starting compilation...
    finished in 0.00 seconds. Local cache hits 1 (0.00s CPU time), remote cache hits 0 (0.00s CPU time), compiled 0 variants (0.00s CPU time), skipped 0 variants
    Prepared data for serialisation in 0.00s
Compiling shader "Hidden/Internal-UIRDefaultWorld" pass "" (fp)
    Full variant space:         1
    After settings filtering:   1
    After built-in stripping:   1
    After scriptable stripping: 1
    Processed in 0.00 seconds
    starting compilation...
    finished in 0.00 seconds. Local cache hits 1 (0.00s CPU time), remote cache hits 0 (0.00s CPU time), compiled 0 variants (0.00s CPU time), skipped 0 variants
    Prepared data for serialisation in 0.00s
Serialized binary data for shader Hidden/Internal-UIRDefaultWorld in 0.00s
    d3d11 (total internal programs: 4, unique: 4)
Compiling shader "Sprites/Default" pass "" (vp)
    Full variant space:         8
    After settings filtering:   8
    After built-in stripping:   4
    After scriptable stripping: 4
    Processed in 0.00 seconds
    starting compilation...
    finished in 0.00 seconds. Local cache hits 4 (0.00s CPU time), remote cache hits 0 (0.00s CPU time), compiled 0 variants (0.00s CPU time), skipped 0 variants
    Prepared data for serialisation in 0.00s
Compiling shader "Sprites/Default" pass "" (fp)
    Full variant space:         8
    After settings filtering:   8
    After built-in stripping:   4
    After scriptable stripping: 4
    Processed in 0.00 seconds
    starting compilation...
    finished in 0.00 seconds. Local cache hits 4 (0.00s CPU time), remote cache hits 0 (0.00s CPU time), compiled 0 variants (0.00s CPU time), skipped 0 variants
    Prepared data for serialisation in 0.00s
Serialized binary data for shader Sprites/Default in 0.00s
    d3d11 (total internal programs: 8, unique: 8)
Compiling shader "Sprites/Mask" pass "" (vp)
    Full variant space:         4
    After settings filtering:   4
    After built-in stripping:   4
    After scriptable stripping: 4
    Processed in 0.00 seconds
    starting compilation...
    finished in 0.00 seconds. Local cache hits 4 (0.00s CPU time), remote cache hits 0 (0.00s CPU time), compiled 0 variants (0.00s CPU time), skipped 0 variants
    Prepared data for serialisation in 0.00s
Compiling shader "Sprites/Mask" pass "" (fp)
    Full variant space:         4
    After settings filtering:   4
    After built-in stripping:   4
    After scriptable stripping: 4
    Processed in 0.00 seconds
    starting compilation...
    finished in 0.00 seconds. Local cache hits 4 (0.00s CPU time), remote cache hits 0 (0.00s CPU time), compiled 0 variants (0.00s CPU time), skipped 0 variants
    Prepared data for serialisation in 0.00s
Serialized binary data for shader Sprites/Mask in 0.00s
    d3d11 (total internal programs: 8, unique: 8)
Compiling shader "UI/Default" pass "Default" (vp)
    Full variant space:         4
    After settings filtering:   4
    After built-in stripping:   4
    After scriptable stripping: 4
    Processed in 0.00 seconds
    starting compilation...
    finished in 0.00 seconds. Local cache hits 4 (0.00s CPU time), remote cache hits 0 (0.00s CPU time), compiled 0 variants (0.00s CPU time), skipped 0 variants
    Prepared data for serialisation in 0.00s
Compiling shader "UI/Default" pass "Default" (fp)
    Full variant space:         4
    After settings filtering:   4
    After built-in stripping:   4
    After scriptable stripping: 4
    Processed in 0.00 seconds
    starting compilation...
    finished in 0.00 seconds. Local cache hits 4 (0.00s CPU time), remote cache hits 0 (0.00s CPU time), compiled 0 variants (0.00s CPU time), skipped 0 variants
    Prepared data for serialisation in 0.00s
Serialized binary data for shader UI/Default in 0.00s
    d3d11 (total internal programs: 8, unique: 8)
Compiling shader "UI/DefaultETC1" pass "Default" (vp)
    Full variant space:         4
    After settings filtering:   4
    After built-in stripping:   4
    After scriptable stripping: 4
    Processed in 0.00 seconds
    starting compilation...
    finished in 0.00 seconds. Local cache hits 4 (0.00s CPU time), remote cache hits 0 (0.00s CPU time), compiled 0 variants (0.00s CPU time), skipped 0 variants
    Prepared data for serialisation in 0.00s
Compiling shader "UI/DefaultETC1" pass "Default" (fp)
    Full variant space:         4
    After settings filtering:   4
    After built-in stripping:   4
    After scriptable stripping: 4
    Processed in 0.00 seconds
    starting compilation...
    finished in 0.00 seconds. Local cache hits 4 (0.00s CPU time), remote cache hits 0 (0.00s CPU time), compiled 0 variants (0.00s CPU time), skipped 0 variants
    Prepared data for serialisation in 0.00s
Serialized binary data for shader UI/DefaultETC1 in 0.00s
    d3d11 (total internal programs: 8, unique: 8)
Compiling shader "Hidden/CubeBlur" pass "" (vp)
    Full variant space:         1
    After settings filtering:   1
    After built-in stripping:   1
    After scriptable stripping: 1
    Processed in 0.00 seconds
    starting compilation...
    finished in 0.00 seconds. Local cache hits 1 (0.00s CPU time), remote cache hits 0 (0.00s CPU time), compiled 0 variants (0.00s CPU time), skipped 0 variants
    Prepared data for serialisation in 0.00s
Compiling shader "Hidden/CubeBlur" pass "" (fp)
    Full variant space:         1
    After settings filtering:   1
    After built-in stripping:   1
    After scriptable stripping: 1
    Processed in 0.00 seconds
    starting compilation...
    finished in 0.00 seconds. Local cache hits 1 (0.00s CPU time), remote cache hits 0 (0.00s CPU time), compiled 0 variants (0.00s CPU time), skipped 0 variants
    Prepared data for serialisation in 0.00s
Compiling shader "Hidden/CubeBlur" pass "" (vp)
    Full variant space:         1
    After settings filtering:   1
    After built-in stripping:   1
    After scriptable stripping: 1
    Processed in 0.00 seconds
    starting compilation...
    finished in 0.00 seconds. Local cache hits 1 (0.00s CPU time), remote cache hits 0 (0.00s CPU time), compiled 0 variants (0.00s CPU time), skipped 0 variants
    Prepared data for serialisation in 0.00s
Compiling shader "Hidden/CubeBlur" pass "" (fp)
    Full variant space:         1
    After settings filtering:   1
    After built-in stripping:   1
    After scriptable stripping: 1
    Processed in 0.00 seconds
    starting compilation...
    finished in 0.00 seconds. Local cache hits 1 (0.00s CPU time), remote cache hits 0 (0.00s CPU time), compiled 0 variants (0.00s CPU time), skipped 0 variants
    Prepared data for serialisation in 0.00s
Serialized binary data for shader Hidden/CubeBlur in 0.00s
    d3d11 (total internal programs: 4, unique: 3)
Compiling shader "Hidden/CubeCopy" pass "" (vp)
    Full variant space:         1
    After settings filtering:   1
    After built-in stripping:   1
    After scriptable stripping: 1
    Processed in 0.00 seconds
    starting compilation...
    finished in 0.00 seconds. Local cache hits 1 (0.00s CPU time), remote cache hits 0 (0.00s CPU time), compiled 0 variants (0.00s CPU time), skipped 0 variants
    Prepared data for serialisation in 0.00s
Compiling shader "Hidden/CubeCopy" pass "" (fp)
    Full variant space:         1
    After settings filtering:   1
    After built-in stripping:   1
    After scriptable stripping: 1
    Processed in 0.00 seconds
    starting compilation...
    finished in 0.00 seconds. Local cache hits 1 (0.00s CPU time), remote cache hits 0 (0.00s CPU time), compiled 0 variants (0.00s CPU time), skipped 0 variants
    Prepared data for serialisation in 0.00s
Compiling shader "Hidden/CubeCopy" pass "" (vp)
    Full variant space:         1
    After settings filtering:   1
    After built-in stripping:   1
    After scriptable stripping: 1
    Processed in 0.00 seconds
    starting compilation...
    finished in 0.00 seconds. Local cache hits 1 (0.00s CPU time), remote cache hits 0 (0.00s CPU time), compiled 0 variants (0.00s CPU time), skipped 0 variants
    Prepared data for serialisation in 0.00s
Compiling shader "Hidden/CubeCopy" pass "" (fp)
    Full variant space:         1
    After settings filtering:   1
    After built-in stripping:   1
    After scriptable stripping: 1
    Processed in 0.00 seconds
    starting compilation...
    finished in 0.00 seconds. Local cache hits 1 (0.00s CPU time), remote cache hits 0 (0.00s CPU time), compiled 0 variants (0.00s CPU time), skipped 0 variants
    Prepared data for serialisation in 0.00s
Serialized binary data for shader Hidden/CubeCopy in 0.00s
    d3d11 (total internal programs: 4, unique: 2)
Compiling shader "Hidden/CubeBlend" pass "" (vp)
    Full variant space:         1
    After settings filtering:   1
    After built-in stripping:   1
    After scriptable stripping: 1
    Processed in 0.00 seconds
    starting compilation...
    finished in 0.00 seconds. Local cache hits 1 (0.00s CPU time), remote cache hits 0 (0.00s CPU time), compiled 0 variants (0.00s CPU time), skipped 0 variants
    Prepared data for serialisation in 0.00s
Compiling shader "Hidden/CubeBlend" pass "" (fp)
    Full variant space:         1
    After settings filtering:   1
    After built-in stripping:   1
    After scriptable stripping: 1
    Processed in 0.00 seconds
    starting compilation...
    finished in 0.00 seconds. Local cache hits 1 (0.00s CPU time), remote cache hits 0 (0.00s CPU time), compiled 0 variants (0.00s CPU time), skipped 0 variants
    Prepared data for serialisation in 0.00s
Compiling shader "Hidden/CubeBlend" pass "" (vp)
    Full variant space:         1
    After settings filtering:   1
    After built-in stripping:   1
    After scriptable stripping: 1
    Processed in 0.00 seconds
    starting compilation...
    finished in 0.00 seconds. Local cache hits 1 (0.00s CPU time), remote cache hits 0 (0.00s CPU time), compiled 0 variants (0.00s CPU time), skipped 0 variants
    Prepared data for serialisation in 0.00s
Compiling shader "Hidden/CubeBlend" pass "" (fp)
    Full variant space:         1
    After settings filtering:   1
    After built-in stripping:   1
    After scriptable stripping: 1
    Processed in 0.00 seconds
    starting compilation...
    finished in 0.00 seconds. Local cache hits 1 (0.00s CPU time), remote cache hits 0 (0.00s CPU time), compiled 0 variants (0.00s CPU time), skipped 0 variants
    Prepared data for serialisation in 0.00s
Serialized binary data for shader Hidden/CubeBlend in 0.00s
    d3d11 (total internal programs: 4, unique: 2)
Compiling shader "Hidden/VR/BlitTexArraySlice" pass "" (vp)
    Full variant space:         1
    After settings filtering:   1
    After built-in stripping:   1
    After scriptable stripping: 1
    Processed in 0.00 seconds
    starting compilation...
    finished in 0.00 seconds. Local cache hits 1 (0.00s CPU time), remote cache hits 0 (0.00s CPU time), compiled 0 variants (0.00s CPU time), skipped 0 variants
    Prepared data for serialisation in 0.00s
Compiling shader "Hidden/VR/BlitTexArraySlice" pass "" (fp)
    Full variant space:         1
    After settings filtering:   1
    After built-in stripping:   1
    After scriptable stripping: 1
    Processed in 0.00 seconds
    starting compilation...
    finished in 0.00 seconds. Local cache hits 1 (0.00s CPU time), remote cache hits 0 (0.00s CPU time), compiled 0 variants (0.00s CPU time), skipped 0 variants
    Prepared data for serialisation in 0.00s
Serialized binary data for shader Hidden/VR/BlitTexArraySlice in 0.00s
    d3d11 (total internal programs: 2, unique: 2)
Compiling shader "Hidden/Internal-ODSWorldTexture" pass "" (vp)
    Full variant space:         1
    After settings filtering:   1
    After built-in stripping:   1
    After scriptable stripping: 1
    Processed in 0.00 seconds
    starting compilation...
    finished in 0.00 seconds. Local cache hits 1 (0.00s CPU time), remote cache hits 0 (0.00s CPU time), compiled 0 variants (0.00s CPU time), skipped 0 variants
    Prepared data for serialisation in 0.00s
Compiling shader "Hidden/Internal-ODSWorldTexture" pass "" (fp)
    Full variant space:         1
    After settings filtering:   1
    After built-in stripping:   1
    After scriptable stripping: 1
    Processed in 0.00 seconds
    starting compilation...
    finished in 0.00 seconds. Local cache hits 1 (0.00s CPU time), remote cache hits 0 (0.00s CPU time), compiled 0 variants (0.00s CPU time), skipped 0 variants
    Prepared data for serialisation in 0.00s
Compiling shader "Hidden/Internal-ODSWorldTexture" pass "" (vp)
    Full variant space:         1
    After settings filtering:   1
    After built-in stripping:   1
    After scriptable stripping: 1
    Processed in 0.00 seconds
    starting compilation...
    finished in 0.00 seconds. Local cache hits 1 (0.00s CPU time), remote cache hits 0 (0.00s CPU time), compiled 0 variants (0.00s CPU time), skipped 0 variants
    Prepared data for serialisation in 0.00s
Compiling shader "Hidden/Internal-ODSWorldTexture" pass "" (fp)
    Full variant space:         1
    After settings filtering:   1
    After built-in stripping:   1
    After scriptable stripping: 1
    Processed in 0.00 seconds
    starting compilation...
    finished in 0.00 seconds. Local cache hits 1 (0.00s CPU time), remote cache hits 0 (0.00s CPU time), compiled 0 variants (0.00s CPU time), skipped 0 variants
    Prepared data for serialisation in 0.00s
Compiling shader "Hidden/Internal-ODSWorldTexture" pass "" (vp)
    Full variant space:         1
    After settings filtering:   1
    After built-in stripping:   1
    After scriptable stripping: 1
    Processed in 0.00 seconds
    starting compilation...
    finished in 0.00 seconds. Local cache hits 1 (0.00s CPU time), remote cache hits 0 (0.00s CPU time), compiled 0 variants (0.00s CPU time), skipped 0 variants
    Prepared data for serialisation in 0.00s
Compiling shader "Hidden/Internal-ODSWorldTexture" pass "" (fp)
    Full variant space:         1
    After settings filtering:   1
    After built-in stripping:   1
    After scriptable stripping: 1
    Processed in 0.00 seconds
    starting compilation...
    finished in 0.00 seconds. Local cache hits 1 (0.00s CPU time), remote cache hits 0 (0.00s CPU time), compiled 0 variants (0.00s CPU time), skipped 0 variants
    Prepared data for serialisation in 0.00s
Compiling shader "Hidden/Internal-ODSWorldTexture" pass "" (vp)
    Full variant space:         1
    After settings filtering:   1
    After built-in stripping:   1
    After scriptable stripping: 1
    Processed in 0.00 seconds
    starting compilation...
    finished in 0.00 seconds. Local cache hits 1 (0.00s CPU time), remote cache hits 0 (0.00s CPU time), compiled 0 variants (0.00s CPU time), skipped 0 variants
    Prepared data for serialisation in 0.00s
Compiling shader "Hidden/Internal-ODSWorldTexture" pass "" (fp)
    Full variant space:         1
    After settings filtering:   1
    After built-in stripping:   1
    After scriptable stripping: 1
    Processed in 0.00 seconds
    starting compilation...
    finished in 0.00 seconds. Local cache hits 1 (0.00s CPU time), remote cache hits 0 (0.00s CPU time), compiled 0 variants (0.00s CPU time), skipped 0 variants
    Prepared data for serialisation in 0.00s
Compiling shader "Hidden/Internal-ODSWorldTexture" pass "" (vp)
    Full variant space:         1
    After settings filtering:   1
    After built-in stripping:   1
    After scriptable stripping: 1
    Processed in 0.00 seconds
    starting compilation...
    finished in 0.00 seconds. Local cache hits 1 (0.00s CPU time), remote cache hits 0 (0.00s CPU time), compiled 0 variants (0.00s CPU time), skipped 0 variants
    Prepared data for serialisation in 0.00s
Compiling shader "Hidden/Internal-ODSWorldTexture" pass "" (fp)
    Full variant space:         1
    After settings filtering:   1
    After built-in stripping:   1
    After scriptable stripping: 1
    Processed in 0.00 seconds
    starting compilation...
    finished in 0.00 seconds. Local cache hits 1 (0.00s CPU time), remote cache hits 0 (0.00s CPU time), compiled 0 variants (0.00s CPU time), skipped 0 variants
    Prepared data for serialisation in 0.00s
Compiling shader "Hidden/Internal-ODSWorldTexture" pass "" (vp)
    Full variant space:         1
    After settings filtering:   1
    After built-in stripping:   1
    After scriptable stripping: 1
    Processed in 0.00 seconds
    starting compilation...
    finished in 0.00 seconds. Local cache hits 1 (0.00s CPU time), remote cache hits 0 (0.00s CPU time), compiled 0 variants (0.00s CPU time), skipped 0 variants
    Prepared data for serialisation in 0.00s
Compiling shader "Hidden/Internal-ODSWorldTexture" pass "" (fp)
    Full variant space:         1
    After settings filtering:   1
    After built-in stripping:   1
    After scriptable stripping: 1
    Processed in 0.00 seconds
    starting compilation...
    finished in 0.00 seconds. Local cache hits 1 (0.00s CPU time), remote cache hits 0 (0.00s CPU time), compiled 0 variants (0.00s CPU time), skipped 0 variants
    Prepared data for serialisation in 0.00s
Compiling shader "Hidden/Internal-ODSWorldTexture" pass "" (vp)
    Full variant space:         1
    After settings filtering:   1
    After built-in stripping:   1
    After scriptable stripping: 1
    Processed in 0.00 seconds
    starting compilation...
    finished in 0.00 seconds. Local cache hits 1 (0.00s CPU time), remote cache hits 0 (0.00s CPU time), compiled 0 variants (0.00s CPU time), skipped 0 variants
    Prepared data for serialisation in 0.00s
Compiling shader "Hidden/Internal-ODSWorldTexture" pass "" (fp)
    Full variant space:         1
    After settings filtering:   1
    After built-in stripping:   1
    After scriptable stripping: 1
    Processed in 0.00 seconds
    starting compilation...
    finished in 0.00 seconds. Local cache hits 1 (0.00s CPU time), remote cache hits 0 (0.00s CPU time), compiled 0 variants (0.00s CPU time), skipped 0 variants
    Prepared data for serialisation in 0.00s
Compiling shader "Hidden/Internal-ODSWorldTexture" pass "" (vp)
    Full variant space:         1
    After settings filtering:   1
    After built-in stripping:   1
    After scriptable stripping: 1
    Processed in 0.00 seconds
    starting compilation...
    finished in 0.00 seconds. Local cache hits 1 (0.00s CPU time), remote cache hits 0 (0.00s CPU time), compiled 0 variants (0.00s CPU time), skipped 0 variants
    Prepared data for serialisation in 0.00s
Compiling shader "Hidden/Internal-ODSWorldTexture" pass "" (fp)
    Full variant space:         1
    After settings filtering:   1
    After built-in stripping:   1
    After scriptable stripping: 1
    Processed in 0.00 seconds
    starting compilation...
    finished in 0.00 seconds. Local cache hits 1 (0.00s CPU time), remote cache hits 0 (0.00s CPU time), compiled 0 variants (0.00s CPU time), skipped 0 variants
    Prepared data for serialisation in 0.00s
Compiling shader "Hidden/Internal-ODSWorldTexture" pass "" (vp)
    Full variant space:         1
    After settings filtering:   1
    After built-in stripping:   1
    After scriptable stripping: 1
    Processed in 0.00 seconds
    starting compilation...
    finished in 0.00 seconds. Local cache hits 1 (0.00s CPU time), remote cache hits 0 (0.00s CPU time), compiled 0 variants (0.00s CPU time), skipped 0 variants
    Prepared data for serialisation in 0.00s
Compiling shader "Hidden/Internal-ODSWorldTexture" pass "" (fp)
    Full variant space:         1
    After settings filtering:   1
    After built-in stripping:   1
    After scriptable stripping: 1
    Processed in 0.00 seconds
    starting compilation...
    finished in 0.00 seconds. Local cache hits 1 (0.00s CPU time), remote cache hits 0 (0.00s CPU time), compiled 0 variants (0.00s CPU time), skipped 0 variants
    Prepared data for serialisation in 0.00s
Compiling shader "Hidden/Internal-ODSWorldTexture" pass "" (vp)
    Full variant space:         1
    After settings filtering:   1
    After built-in stripping:   1
    After scriptable stripping: 1
    Processed in 0.00 seconds
    starting compilation...
    finished in 0.00 seconds. Local cache hits 1 (0.00s CPU time), remote cache hits 0 (0.00s CPU time), compiled 0 variants (0.00s CPU time), skipped 0 variants
    Prepared data for serialisation in 0.00s
Compiling shader "Hidden/Internal-ODSWorldTexture" pass "" (fp)
    Full variant space:         1
    After settings filtering:   1
    After built-in stripping:   1
    After scriptable stripping: 1
    Processed in 0.00 seconds
    starting compilation...
    finished in 0.00 seconds. Local cache hits 1 (0.00s CPU time), remote cache hits 0 (0.00s CPU time), compiled 0 variants (0.00s CPU time), skipped 0 variants
    Prepared data for serialisation in 0.00s
Serialized binary data for shader Hidden/Internal-ODSWorldTexture in 0.00s
    d3d11 (total internal programs: 20, unique: 15)
Compiling shader "Hidden/Internal-CubemapToEquirect" pass "" (vp)
    Full variant space:         1
    After settings filtering:   1
    After built-in stripping:   1
    After scriptable stripping: 1
    Processed in 0.00 seconds
    starting compilation...
    finished in 0.00 seconds. Local cache hits 1 (0.00s CPU time), remote cache hits 0 (0.00s CPU time), compiled 0 variants (0.00s CPU time), skipped 0 variants
    Prepared data for serialisation in 0.00s
Compiling shader "Hidden/Internal-CubemapToEquirect" pass "" (fp)
    Full variant space:         1
    After settings filtering:   1
    After built-in stripping:   1
    After scriptable stripping: 1
    Processed in 0.00 seconds
    starting compilation...
    finished in 0.00 seconds. Local cache hits 1 (0.00s CPU time), remote cache hits 0 (0.00s CPU time), compiled 0 variants (0.00s CPU time), skipped 0 variants
    Prepared data for serialisation in 0.00s
Serialized binary data for shader Hidden/Internal-CubemapToEquirect in 0.00s
    d3d11 (total internal programs: 2, unique: 2)
Compiling shader "Hidden/VR/BlitFromTex2DToTexArraySlice" pass "" (vp)
    Full variant space:         1
    After settings filtering:   1
    After built-in stripping:   1
    After scriptable stripping: 1
    Processed in 0.00 seconds
    starting compilation...
    finished in 0.00 seconds. Local cache hits 1 (0.00s CPU time), remote cache hits 0 (0.00s CPU time), compiled 0 variants (0.00s CPU time), skipped 0 variants
    Prepared data for serialisation in 0.00s
Compiling shader "Hidden/VR/BlitFromTex2DToTexArraySlice" pass "" (fp)
    Full variant space:         1
    After settings filtering:   1
    After built-in stripping:   1
    After scriptable stripping: 1
    Processed in 0.00 seconds
    starting compilation...
    finished in 0.00 seconds. Local cache hits 1 (0.00s CPU time), remote cache hits 0 (0.00s CPU time), compiled 0 variants (0.00s CPU time), skipped 0 variants
    Prepared data for serialisation in 0.00s
Compiling shader "Hidden/VR/BlitFromTex2DToTexArraySlice" pass "" (vp)
    Full variant space:         1
    After settings filtering:   1
    After built-in stripping:   1
    After scriptable stripping: 1
    Processed in 0.00 seconds
    starting compilation...
    finished in 0.00 seconds. Local cache hits 1 (0.00s CPU time), remote cache hits 0 (0.00s CPU time), compiled 0 variants (0.00s CPU time), skipped 0 variants
    Prepared data for serialisation in 0.00s
Compiling shader "Hidden/VR/BlitFromTex2DToTexArraySlice" pass "" (fp)
    Full variant space:         1
    After settings filtering:   1
    After built-in stripping:   1
    After scriptable stripping: 1
    Processed in 0.00 seconds
    starting compilation...
    finished in 0.00 seconds. Local cache hits 1 (0.00s CPU time), remote cache hits 0 (0.00s CPU time), compiled 0 variants (0.00s CPU time), skipped 0 variants
    Prepared data for serialisation in 0.00s
Compiling shader "Hidden/VR/BlitFromTex2DToTexArraySlice" pass "" (gp)
    Full variant space:         1
    After settings filtering:   1
    After built-in stripping:   1
    After scriptable stripping: 1
    Processed in 0.00 seconds
    starting compilation...
    finished in 0.00 seconds. Local cache hits 1 (0.00s CPU time), remote cache hits 0 (0.00s CPU time), compiled 0 variants (0.00s CPU time), skipped 0 variants
    Prepared data for serialisation in 0.00s
Serialized binary data for shader Hidden/VR/BlitFromTex2DToTexArraySlice in 0.00s
    d3d11 (total internal programs: 5, unique: 5)
Compiling shader "Hidden/VideoComposite" pass "Default" (vp)
    Full variant space:         1
    After settings filtering:   1
    After built-in stripping:   1
    After scriptable stripping: 1
    Processed in 0.00 seconds
    starting compilation...
    finished in 0.00 seconds. Local cache hits 1 (0.00s CPU time), remote cache hits 0 (0.00s CPU time), compiled 0 variants (0.00s CPU time), skipped 0 variants
    Prepared data for serialisation in 0.00s
Compiling shader "Hidden/VideoComposite" pass "Default" (fp)
    Full variant space:         1
    After settings filtering:   1
    After built-in stripping:   1
    After scriptable stripping: 1
    Processed in 0.00 seconds
    starting compilation...
    finished in 0.00 seconds. Local cache hits 1 (0.00s CPU time), remote cache hits 0 (0.00s CPU time), compiled 0 variants (0.00s CPU time), skipped 0 variants
    Prepared data for serialisation in 0.00s
Serialized binary data for shader Hidden/VideoComposite in 0.00s
    d3d11 (total internal programs: 2, unique: 2)
Compiling shader "Hidden/VideoDecode" pass "YCbCr_To_RGB1" (vp)
    Full variant space:         2
    After settings filtering:   2
    After built-in stripping:   2
    After scriptable stripping: 2
    Processed in 0.00 seconds
    starting compilation...
    finished in 0.00 seconds. Local cache hits 2 (0.00s CPU time), remote cache hits 0 (0.00s CPU time), compiled 0 variants (0.00s CPU time), skipped 0 variants
    Prepared data for serialisation in 0.00s
Compiling shader "Hidden/VideoDecode" pass "YCbCr_To_RGB1" (fp)
    Full variant space:         2
    After settings filtering:   2
    After built-in stripping:   2
    After scriptable stripping: 2
    Processed in 0.00 seconds
    starting compilation...
    finished in 0.00 seconds. Local cache hits 2 (0.00s CPU time), remote cache hits 0 (0.00s CPU time), compiled 0 variants (0.00s CPU time), skipped 0 variants
    Prepared data for serialisation in 0.00s
Compiling shader "Hidden/VideoDecode" pass "YCbCrA_To_RGBAFull" (vp)
    Full variant space:         2
    After settings filtering:   2
    After built-in stripping:   2
    After scriptable stripping: 2
    Processed in 0.00 seconds
    starting compilation...
    finished in 0.00 seconds. Local cache hits 2 (0.00s CPU time), remote cache hits 0 (0.00s CPU time), compiled 0 variants (0.00s CPU time), skipped 0 variants
    Prepared data for serialisation in 0.00s
Compiling shader "Hidden/VideoDecode" pass "YCbCrA_To_RGBAFull" (fp)
    Full variant space:         2
    After settings filtering:   2
    After built-in stripping:   2
    After scriptable stripping: 2
    Processed in 0.00 seconds
    starting compilation...
    finished in 0.00 seconds. Local cache hits 2 (0.00s CPU time), remote cache hits 0 (0.00s CPU time), compiled 0 variants (0.00s CPU time), skipped 0 variants
    Prepared data for serialisation in 0.00s
Compiling shader "Hidden/VideoDecode" pass "YCbCrA_To_RGBA" (vp)
    Full variant space:         2
    After settings filtering:   2
    After built-in stripping:   2
    After scriptable stripping: 2
    Processed in 0.00 seconds
    starting compilation...
    finished in 0.00 seconds. Local cache hits 2 (0.00s CPU time), remote cache hits 0 (0.00s CPU time), compiled 0 variants (0.00s CPU time), skipped 0 variants
    Prepared data for serialisation in 0.00s
Compiling shader "Hidden/VideoDecode" pass "YCbCrA_To_RGBA" (fp)
    Full variant space:         2
    After settings filtering:   2
    After built-in stripping:   2
    After scriptable stripping: 2
    Processed in 0.00 seconds
    starting compilation...
    finished in 0.00 seconds. Local cache hits 2 (0.00s CPU time), remote cache hits 0 (0.00s CPU time), compiled 0 variants (0.00s CPU time), skipped 0 variants
    Prepared data for serialisation in 0.00s
Compiling shader "Hidden/VideoDecode" pass "Flip_RGBA_To_RGBA" (vp)
    Full variant space:         2
    After settings filtering:   2
    After built-in stripping:   2
    After scriptable stripping: 2
    Processed in 0.00 seconds
    starting compilation...
    finished in 0.00 seconds. Local cache hits 2 (0.00s CPU time), remote cache hits 0 (0.00s CPU time), compiled 0 variants (0.00s CPU time), skipped 0 variants
    Prepared data for serialisation in 0.00s
Compiling shader "Hidden/VideoDecode" pass "Flip_RGBA_To_RGBA" (fp)
    Full variant space:         2
    After settings filtering:   2
    After built-in stripping:   2
    After scriptable stripping: 2
    Processed in 0.00 seconds
    starting compilation...
    finished in 0.00 seconds. Local cache hits 2 (0.00s CPU time), remote cache hits 0 (0.00s CPU time), compiled 0 variants (0.00s CPU time), skipped 0 variants
    Prepared data for serialisation in 0.00s
Compiling shader "Hidden/VideoDecode" pass "Flip_RGBASplit_To_RGBA" (vp)
    Full variant space:         2
    After settings filtering:   2
    After built-in stripping:   2
    After scriptable stripping: 2
    Processed in 0.00 seconds
    starting compilation...
    finished in 0.00 seconds. Local cache hits 2 (0.00s CPU time), remote cache hits 0 (0.00s CPU time), compiled 0 variants (0.00s CPU time), skipped 0 variants
    Prepared data for serialisation in 0.00s
Compiling shader "Hidden/VideoDecode" pass "Flip_RGBASplit_To_RGBA" (fp)
    Full variant space:         2
    After settings filtering:   2
    After built-in stripping:   2
    After scriptable stripping: 2
    Processed in 0.00 seconds
    starting compilation...
    finished in 0.00 seconds. Local cache hits 2 (0.00s CPU time), remote cache hits 0 (0.00s CPU time), compiled 0 variants (0.00s CPU time), skipped 0 variants
    Prepared data for serialisation in 0.00s
Compiling shader "Hidden/VideoDecode" pass "Flip_NV12_To_RGB1" (vp)
    Full variant space:         2
    After settings filtering:   2
    After built-in stripping:   2
    After scriptable stripping: 2
    Processed in 0.00 seconds
    starting compilation...
    finished in 0.00 seconds. Local cache hits 2 (0.00s CPU time), remote cache hits 0 (0.00s CPU time), compiled 0 variants (0.00s CPU time), skipped 0 variants
    Prepared data for serialisation in 0.00s
Compiling shader "Hidden/VideoDecode" pass "Flip_NV12_To_RGB1" (fp)
    Full variant space:         2
    After settings filtering:   2
    After built-in stripping:   2
    After scriptable stripping: 2
    Processed in 0.00 seconds
    starting compilation...
    finished in 0.00 seconds. Local cache hits 2 (0.00s CPU time), remote cache hits 0 (0.00s CPU time), compiled 0 variants (0.00s CPU time), skipped 0 variants
    Prepared data for serialisation in 0.00s
Compiling shader "Hidden/VideoDecode" pass "Flip_NV12_To_RGBA" (vp)
    Full variant space:         2
    After settings filtering:   2
    After built-in stripping:   2
    After scriptable stripping: 2
    Processed in 0.00 seconds
    starting compilation...
    finished in 0.00 seconds. Local cache hits 2 (0.00s CPU time), remote cache hits 0 (0.00s CPU time), compiled 0 variants (0.00s CPU time), skipped 0 variants
    Prepared data for serialisation in 0.00s
Compiling shader "Hidden/VideoDecode" pass "Flip_NV12_To_RGBA" (fp)
    Full variant space:         2
    After settings filtering:   2
    After built-in stripping:   2
    After scriptable stripping: 2
    Processed in 0.00 seconds
    starting compilation...
    finished in 0.00 seconds. Local cache hits 2 (0.00s CPU time), remote cache hits 0 (0.00s CPU time), compiled 0 variants (0.00s CPU time), skipped 0 variants
    Prepared data for serialisation in 0.00s
Compiling shader "Hidden/VideoDecode" pass "Flip_P010_To_RGB1" (vp)
    Full variant space:         1
    After settings filtering:   1
    After built-in stripping:   1
    After scriptable stripping: 1
    Processed in 0.00 seconds
    starting compilation...
    finished in 0.00 seconds. Local cache hits 1 (0.00s CPU time), remote cache hits 0 (0.00s CPU time), compiled 0 variants (0.00s CPU time), skipped 0 variants
    Prepared data for serialisation in 0.00s
Compiling shader "Hidden/VideoDecode" pass "Flip_P010_To_RGB1" (fp)
    Full variant space:         1
    After settings filtering:   1
    After built-in stripping:   1
    After scriptable stripping: 1
    Processed in 0.00 seconds
    starting compilation...
    finished in 0.00 seconds. Local cache hits 1 (0.00s CPU time), remote cache hits 0 (0.00s CPU time), compiled 0 variants (0.00s CPU time), skipped 0 variants
    Prepared data for serialisation in 0.00s
Serialized binary data for shader Hidden/VideoDecode in 0.00s
    d3d11 (total internal programs: 30, unique: 19)
Compiling shader "Hidden/TextCore/Distance Field SSD" pass "" (vp)
    Full variant space:         1
    After settings filtering:   1
    After built-in stripping:   1
    After scriptable stripping: 1
    Processed in 0.00 seconds
    starting compilation...
    finished in 0.00 seconds. Local cache hits 1 (0.00s CPU time), remote cache hits 0 (0.00s CPU time), compiled 0 variants (0.00s CPU time), skipped 0 variants
    Prepared data for serialisation in 0.00s
Compiling shader "Hidden/TextCore/Distance Field SSD" pass "" (fp)
    Full variant space:         1
    After settings filtering:   1
    After built-in stripping:   1
    After scriptable stripping: 1
    Processed in 0.00 seconds
    starting compilation...
    finished in 0.00 seconds. Local cache hits 1 (0.00s CPU time), remote cache hits 0 (0.00s CPU time), compiled 0 variants (0.00s CPU time), skipped 0 variants
    Prepared data for serialisation in 0.00s
Serialized binary data for shader Hidden/TextCore/Distance Field SSD in 0.00s
    d3d11 (total internal programs: 2, unique: 2)
info: Microsoft.AspNetCore.Hosting.Diagnostics[1]
      Request starting HTTP/2 POST http://ilpp/UnityILPP.PostProcessing/Ping application/grpc -
info: Microsoft.AspNetCore.Routing.EndpointMiddleware[0]
      Executing endpoint 'gRPC - /UnityILPP.PostProcessing/Ping'
info: Microsoft.AspNetCore.Routing.EndpointMiddleware[1]
      Executed endpoint 'gRPC - /UnityILPP.PostProcessing/Ping'
info: Microsoft.AspNetCore.Hosting.Diagnostics[2]
      Request finished HTTP/2 POST http://ilpp/UnityILPP.PostProcessing/Ping application/grpc - - 200 - application/grpc 0.2923ms
Starting: F:\Unity\2022.3.62f1c1\Editor\Data\bee_backend.exe --ipc --dagfile="Library/Bee/Playeraa4fce7d.dag" --profile="Library/Bee/backend1.traceevents" Player
WorkingDir: F:/VSCode/transparent-pet-unity/transparent-pet
DisplayProgressbar: Incremental Player Build
[121/135    0s] WriteText Library/Bee/artifacts/csharpactions/boot.config_tyr4.info
[122/135    0s] CopyFiles Builds/PetSpike_Data/Managed/TransparentPet.Runtime.dll
[123/135    0s] CopyFiles Builds/PetSpike_Data/Resources/unity_builtin_extra
[125/135    0s] CopyFiles Builds/PetSpike_Data/sharedassets0.assets
[126/135    0s] CopyFiles Builds/PetSpike_Data/globalgamemanagers
[127/135    0s] CopyFiles Builds/PetSpike_Data/level0.resS
[128/135    0s] CopyFiles Builds/PetSpike_Data/level0
[129/135    0s] CopyFiles Builds/PetSpike_Data/globalgamemanagers.assets
[130/135    0s] CopyFiles Builds/PetSpike_Data/globalgamemanagers.assets.resS
[131/135    0s] CopyFiles Builds/PetSpike_Data/resources.assets
[132/135    0s] CopyFiles Builds/UnityCrashHandler64.exe
[133/135    0s] AddBootConfigGUID Library/Bee/artifacts/WinPlayerBuildProgram/boot.config
[134/135    0s] CopyFiles Builds/PetSpike_Data/boot.config
*** Tundra build success (0.41 seconds), 13 items updated, 135 evaluated
ExitCode: 0 Duration: 0s508ms
Refreshing native plugins compatible for Editor in 2.87 ms, found 1 plugins.
Preloading 0 native plugins for Editor in 0.00 ms.

-------------------------------------------------------------------------------
Build Report
Uncompressed usage by category (Percentages based on user generated assets only):
Textures               4.4 mb	 97.6% 
Meshes                 0.0 kb	 0.0% 
Animations             0.0 kb	 0.0% 
Sounds                 0.0 kb	 0.0% 
Shaders                66.3 kb	 1.4% 
Other Assets           6.6 kb	 0.1% 
Levels                 0.0 kb	 0.0% 
Scripts                29.0 kb	 0.6% 
Included DLLs          0.0 kb	 0.0% 
File headers           7.6 kb	 0.2% 
Total User Assets      4.5 mb	 100.0% 
Complete build size    70.0 mb
Used Assets and files from the Resources folder, sorted by uncompressed size:
 2.7 mb	 3.8% Built-in Texture2D: Splash Screen Unity Logo
 1.6 mb	 2.3% Assets/Resources/PetSlime.png
 128.2 kb	 0.2% Built-in Cubemap: 
 28.5 kb	 0.0% Resources/unity_builtin_extra
 17.4 kb	 0.0% Assets/Art/Shaders/LiquidGlass.shader
 4.6 kb	 0.0% Assets/Art/Shaders/LiquidGlassBg.shader
 4.3 kb	 0.0% Assets/Art/Shaders/SlimeLiquid.shader
 4.3 kb	 0.0% Assets/Art/Shaders/LiquidGlassBlur.shader
 4.2 kb	 0.0% Assets/Art/Shaders/SlimeMesh.shader
 3.5 kb	 0.0% Assets/Art/Shaders/LiquidGlassCompose.shader
 0.4 kb	 0.0% Assets/Art/Pet/SlimeLiquidMat.mat
 0.4 kb	 0.0% Built-in Sprite: 
 0.2 kb	 0.0% Packages/com.unity.test-framework/UnityEngine.TestRunner/NUnitExtensions/Runner/RestoreTestContextAfterDomainReload.cs
 0.2 kb	 0.0% Packages/com.unity.test-framework/UnityEngine.TestRunner/NUnitExtensions/Runner/UnityLogCheckDelegatingCommand.cs
 0.2 kb	 0.0% Packages/com.unity.test-framework/UnityEngine.TestRunner/Assertions/OutOfOrderExpectedLogMessageException.cs
 0.2 kb	 0.0% Packages/com.unity.test-framework/UnityEngine.TestRunner/NUnitExtensions/Runner/UnityTestExecutionContext.cs
 0.2 kb	 0.0% Packages/com.unity.test-framework/UnityEngine.TestRunner/NUnitExtensions/Runner/IEnumerableTestMethodCommand.cs
 0.2 kb	 0.0% Packages/com.unity.test-framework/UnityEngine.TestRunner/NUnitExtensions/Commands/EnumerableApplyChangesToContextCommand.cs
 0.2 kb	 0.0% Assets/Art/Pet/SlimeMeshMat.mat
 0.2 kb	 0.0% Packages/com.unity.test-framework/UnityEngine.TestRunner/Utils/Vector4ComparerWithEqualsOperator.cs
 0.2 kb	 0.0% Packages/com.unity.test-framework/UnityEngine.TestRunner/Utils/Vector3ComparerWithEqualsOperator.cs
 0.2 kb	 0.0% Packages/com.unity.test-framework/UnityEngine.TestRunner/Utils/Vector2ComparerWithEqualsOperator.cs
 0.2 kb	 0.0% Packages/com.unity.test-framework/UnityEngine.TestRunner/TestRunner/RemoteHelpers/RemoteTestResultDataWithTestData.cs
 0.2 kb	 0.0% Packages/com.unity.test-framework/UnityEngine.TestRunner/TestRunner/Callbacks/TestResultRendererCallback.cs
 0.2 kb	 0.0% Packages/com.unity.test-framework/UnityEngine.TestRunner/TestRunner/PlaymodeTestsControllerSettings.cs
 0.2 kb	 0.0% Packages/com.unity.test-framework/UnityEngine.TestRunner/NUnitExtensions/Runner/UnityWorkItemDataHolder.cs
 0.2 kb	 0.0% Packages/com.unity.test-framework/UnityEngine.TestRunner/NUnitExtensions/Runner/UnityTestAssemblyRunner.cs
 0.2 kb	 0.0% Packages/com.unity.test-framework/UnityEngine.TestRunner/NUnitExtensions/Runner/PlaymodeWorkItemFactory.cs
 0.2 kb	 0.0% Packages/com.unity.test-framework/UnityEngine.TestRunner/NUnitExtensions/Runner/CoroutineTestWorkItem.cs
 0.2 kb	 0.0% Packages/com.unity.test-framework/UnityEngine.TestRunner/NUnitExtensions/IAsyncTestAssemblyBuilder.cs
 0.2 kb	 0.0% Packages/com.unity.test-framework/UnityEngine.TestRunner/NUnitExtensions/Filters/CategoryFilterExtended.cs
 0.2 kb	 0.0% Packages/com.unity.test-framework/UnityEngine.TestRunner/Assertions/UnexpectedLogMessageException.cs
 0.1 kb	 0.0% Packages/com.unity.test-framework/UnityEngine.TestRunner/TestRunner/RemoteHelpers/RemoteTestResultDataFactory.cs
 0.1 kb	 0.0% Packages/com.unity.test-framework/UnityEngine.TestRunner/TestRunner/RemoteHelpers/PlayerConnectionMessageIds.cs
 0.1 kb	 0.0% Packages/com.unity.test-framework/UnityEngine.TestRunner/TestRunner/RemoteHelpers/IRemoteTestResultDataFactory.cs
 0.1 kb	 0.0% Packages/com.unity.test-framework/UnityEngine.TestRunner/TestRunner/Callbacks/RemoteTestResultSender.cs
 0.1 kb	 0.0% Packages/com.unity.test-framework/UnityEngine.TestRunner/TestRunner/Callbacks/PlayModeRunnerCallback.cs
 0.1 kb	 0.0% Packages/com.unity.test-framework/UnityEngine.TestRunner/Assertions/AllocatingGCMemoryConstraint.cs
 0.1 kb	 0.0% Packages/com.unity.test-framework/UnityEngine.TestRunner/TestRunner/Messages/IEditModeTestYieldInstruction.cs
 0.1 kb	 0.0% Packages/com.unity.test-framework/UnityEngine.TestRunner/NUnitExtensions/UnityTestAssemblyBuilder.cs
 0.1 kb	 0.0% Packages/com.unity.test-framework/UnityEngine.TestRunner/NUnitExtensions/Runner/TestCommandBuilder.cs
 0.1 kb	 0.0% Packages/com.unity.test-framework/UnityEngine.TestRunner/NUnitExtensions/Runner/DefaultTestWorkItem.cs
 0.1 kb	 0.0% Packages/com.unity.test-framework/UnityEngine.TestRunner/NUnitExtensions/Runner/CompositeWorkItem.cs
 0.1 kb	 0.0% Packages/com.unity.test-framework/UnityEngine.TestRunner/NUnitExtensions/OrderedTestSuiteModifier.cs
 0.1 kb	 0.0% Packages/com.unity.test-framework/UnityEngine.TestRunner/NUnitExtensions/Filters/AssemblyNameFilter.cs
 0.1 kb	 0.0% Packages/com.unity.test-framework/UnityEngine.TestRunner/NUnitExtensions/Commands/EnumerableSetUpTearDownCommand.cs
 0.1 kb	 0.0% Packages/com.unity.test-framework/UnityEngine.TestRunner/NUnitExtensions/Commands/EnumerableRepeatedTestCommand.cs
 0.1 kb	 0.0% Packages/com.unity.test-framework/UnityEngine.TestRunner/NUnitExtensions/Attributes/TestMustExpectAllLogsAttribute.cs
 0.1 kb	 0.0% Packages/com.unity.test-framework/UnityEngine.TestRunner/Assertions/UnityTestTimeoutException.cs
 0.1 kb	 0.0% Packages/com.unity.test-framework/UnityEngine.TestRunner/Assertions/UnhandledLogMessageException.cs
 0.1 kb	 0.0% Packages/com.unity.test-framework/UnityEngine.TestRunner/Assertions/InvalidSignatureException.cs
 0.1 kb	 0.0% Packages/com.unity.test-framework/UnityEngine.TestRunner/Utils/QuaternionEqualityComparer.cs
 0.1 kb	 0.0% Packages/com.unity.test-framework/UnityEngine.TestRunner/Utils/AssemblyProvider/PlayerTestAssemblyProvider.cs
 0.1 kb	 0.0% Packages/com.unity.test-framework/UnityEngine.TestRunner/TestRunner/RuntimeTestRunnerFilter.cs
 0.1 kb	 0.0% Packages/com.unity.test-framework/UnityEngine.TestRunner/TestRunner/Callbacks/TestResultRenderer.cs
 0.1 kb	 0.0% Packages/com.unity.test-framework/UnityEngine.TestRunner/TestRunner/Callbacks/PlayerQuitHandler.cs
 0.1 kb	 0.0% Packages/com.unity.test-framework/UnityEngine.TestRunner/Utils/PostBuildCleanupAttribute.cs
 0.1 kb	 0.0% Packages/com.unity.test-framework/UnityEngine.TestRunner/TestRunner/TestEnumeratorWrapper.cs
 0.1 kb	 0.0% Packages/com.unity.test-framework/UnityEngine.TestRunner/TestRunner/PlaymodeTestsController.cs
 0.1 kb	 0.0% Packages/com.unity.test-framework/UnityEngine.TestRunner/NUnitExtensions/TestResultExtensions.cs
 0.1 kb	 0.0% Packages/com.unity.test-framework/UnityEngine.TestRunner/NUnitExtensions/Runner/WorkItemFactory.cs
 0.1 kb	 0.0% Packages/com.unity.test-framework/UnityEngine.TestRunner/NUnitExtensions/Runner/UnityWorkItem.cs
 0.1 kb	 0.0% Packages/com.unity.test-framework/UnityEngine.TestRunner/NUnitExtensions/ITestSuiteModifier.cs
 0.1 kb	 0.0% Packages/com.unity.test-framework/UnityEngine.TestRunner/NUnitExtensions/Filters/FullNameFilter.cs
 0.1 kb	 0.0% Packages/com.unity.test-framework/UnityEngine.TestRunner/NUnitExtensions/ConstructDelegator.cs
 0.1 kb	 0.0% Packages/com.unity.test-framework/UnityEngine.TestRunner/NUnitExtensions/Commands/OuterUnityTestActionCommand.cs
 0.1 kb	 0.0% Packages/com.unity.test-framework/UnityEngine.TestRunner/NUnitExtensions/Commands/ImmediateEnumerableCommand.cs
 0.1 kb	 0.0% Packages/com.unity.test-framework/UnityEngine.TestRunner/NUnitExtensions/Commands/EnumerableTestMethodCommand.cs
 0.1 kb	 0.0% Packages/com.unity.test-framework/UnityEngine.TestRunner/NUnitExtensions/Commands/EnumerableRetryTestCommand.cs
 0.1 kb	 0.0% Packages/com.unity.test-framework/UnityEngine.TestRunner/NUnitExtensions/Commands/BeforeAfterTestCommandState.cs
 0.1 kb	 0.0% Packages/com.unity.test-framework/UnityEngine.TestRunner/NUnitExtensions/Attributes/UnityCombinatorialStrategy.cs
 0.1 kb	 0.0% Packages/com.unity.test-framework/UnityEngine.TestRunner/NUnitExtensions/Attributes/ConditionalIgnoreAttribute.cs
 0.1 kb	 0.0% Packages/com.unity.test-framework/UnityEngine.TestRunner/Assertions/ConstraintsExtensions.cs
 0.1 kb	 0.0% Packages/com.unity.test-framework/UnityEngine.TestRunner/Utils/Vector4EqualityComparer.cs
 0.1 kb	 0.0% Packages/com.unity.test-framework/UnityEngine.TestRunner/Utils/Vector3EqualityComparer.cs
 0.1 kb	 0.0% Packages/com.unity.test-framework/UnityEngine.TestRunner/Utils/Vector2EqualityComparer.cs
 0.1 kb	 0.0% Packages/com.unity.test-framework/UnityEngine.TestRunner/Utils/TestRunCallbackListener.cs
 0.1 kb	 0.0% Packages/com.unity.test-framework/UnityEngine.TestRunner/Utils/PrebuildSceneSetupAttribute.cs
 0.1 kb	 0.0% Packages/com.unity.test-framework/UnityEngine.TestRunner/Utils/FloatEqualityComparer.cs
 0.1 kb	 0.0% Packages/com.unity.test-framework/UnityEngine.TestRunner/Utils/ColorEqualityComparer.cs
 0.1 kb	 0.0% Packages/com.unity.test-framework/UnityEngine.TestRunner/Utils/AssemblyProvider/ScriptingRuntimeProxy.cs
 0.1 kb	 0.0% Packages/com.unity.test-framework/UnityEngine.TestRunner/Utils/AssemblyProvider/IScriptingRuntimeProxy.cs
 0.1 kb	 0.0% Packages/com.unity.test-framework/UnityEngine.TestRunner/TestRunner/SynchronousFilter.cs
 0.1 kb	 0.0% Packages/com.unity.test-framework/UnityEngine.TestRunner/TestRunner/RemoteHelpers/RemoteTestResultData.cs
 0.1 kb	 0.0% Packages/com.unity.ugui/Runtime/UI/Core/Layout/HorizontalOrVerticalLayoutGroup.cs
 0.1 kb	 0.0% Packages/com.unity.test-framework/UnityEngine.TestRunner/Utils/TestRunCallbackAttribute.cs
 0.1 kb	 0.0% Packages/com.unity.test-framework/UnityEngine.TestRunner/Utils/IOuterUnityTestAction.cs
 0.1 kb	 0.0% Packages/com.unity.test-framework/UnityEngine.TestRunner/TestRunner/TestListenerWrapper.cs
 0.1 kb	 0.0% Packages/com.unity.test-framework/UnityEngine.TestRunner/TestRunner/ITestRunnerListener.cs
 0.1 kb	 0.0% Packages/com.unity.test-framework/UnityEngine.TestRunner/NUnitExtensions/TestExtensions.cs
 0.1 kb	 0.0% Packages/com.unity.test-framework/UnityEngine.TestRunner/NUnitExtensions/Runner/FailCommand.cs
 0.1 kb	 0.0% Packages/com.unity.test-framework/UnityEngine.TestRunner/NUnitExtensions/IStateSerializer.cs
 0.1 kb	 0.0% Packages/com.unity.test-framework/UnityEngine.TestRunner/NUnitExtensions/Commands/UnityTestMethodCommand.cs
 0.1 kb	 0.0% Packages/com.unity.test-framework/UnityEngine.TestRunner/NUnitExtensions/BaseDelegator.cs
 0.1 kb	 0.0% Packages/com.unity.test-framework/UnityEngine.TestRunner/NUnitExtensions/Attributes/UnityTearDownAttribute.cs
 0.1 kb	 0.0% Packages/com.unity.test-framework/UnityEngine.TestRunner/NUnitExtensions/Attributes/UnityPlatformAttribute.cs
 0.1 kb	 0.0% Packages/com.unity.test-framework/UnityEngine.TestRunner/NUnitExtensions/ActionDelegator.cs
 0.1 kb	 0.0% Packages/com.coplaydev.unity-mcp/Runtime/Helpers/UnityFindObjectsCompat.cs
 0.1 kb	 0.0% Packages/com.coplaydev.unity-mcp/Runtime/Helpers/UnityAssembliesCompat.cs
 0.1 kb	 0.0% Packages/com.unity.test-framework/UnityEngine.TestRunner/Utils/AssemblyProvider/IAssemblyLoadProxy.cs
 0.1 kb	 0.0% Packages/com.unity.test-framework/UnityEngine.TestRunner/Utils/AssemblyProvider/AssemblyLoadProxy.cs
 0.1 kb	 0.0% Packages/com.unity.test-framework/UnityEngine.TestRunner/TestRunner/RemoteHelpers/RemoteTestData.cs
 0.1 kb	 0.0% Packages/com.coplaydev.unity-mcp/Runtime/Serialization/UnityTypeConverters.cs
 0.1 kb	 0.0% Assets/Scripts/Pet/LiquidGlassController.cs
 0.1 kb	 0.0% Assets/Scripts/Core/NativeDisplayAffinity.cs
 0.1 kb	 0.0% Packages/com.unity.ugui/Runtime/EventSystem/InputModules/StandaloneInputModule.cs
 0.1 kb	 0.0% Packages/com.unity.test-framework/UnityEngine.TestRunner/Utils/MonoBehaviourTest/IMonoBehaviourTest.cs
 0.1 kb	 0.0% Packages/com.unity.test-framework/UnityEngine.TestRunner/Utils/IPostBuildCleanup.cs
 0.1 kb	 0.0% Packages/com.unity.test-framework/UnityEngine.TestRunner/TestRunner/TestPlatform.cs
 0.1 kb	 0.0% Packages/com.unity.test-framework/UnityEngine.TestRunner/NUnitExtensions/Commands/TestCommandPcHelper.cs
 0.1 kb	 0.0% Packages/com.unity.test-framework/UnityEngine.TestRunner/NUnitExtensions/Commands/TestActionCommand.cs
 0.1 kb	 0.0% Packages/com.unity.test-framework/UnityEngine.TestRunner/NUnitExtensions/Commands/SetUpTearDownCommand.cs
 0.1 kb	 0.0% Packages/com.unity.test-framework/UnityEngine.TestRunner/NUnitExtensions/Commands/EnumerableTestState.cs
 0.1 kb	 0.0% Packages/com.unity.test-framework/UnityEngine.TestRunner/NUnitExtensions/Attributes/UnityTestAttribute.cs
 0.1 kb	 0.0% Packages/com.unity.test-framework/UnityEngine.TestRunner/NUnitExtensions/Attributes/UnitySetUpAttribute.cs
 0.1 kb	 0.0% Packages/com.coplaydev.unity-mcp/Runtime/Helpers/UnityPhysicsCompat.cs
 0.1 kb	 0.0% Packages/com.coplaydev.unity-mcp/Runtime/Helpers/UnityObjectIdCompat.cs
 0.1 kb	 0.0% Packages/com.coplaydev.unity-mcp/Runtime/Helpers/ScreenshotUtility.cs
 0.1 kb	 0.0% Packages/com.unity.test-framework/UnityEngine.TestRunner/Utils/StacktraceFilter.cs
 0.1 kb	 0.0% Packages/com.unity.test-framework/UnityEngine.TestRunner/Utils/IPrebuildSceneSetup.cs
 0.1 kb	 0.0% Packages/com.unity.test-framework/UnityEngine.TestRunner/Utils/CoroutineRunner.cs
 0.1 kb	 0.0% Packages/com.unity.test-framework/UnityEngine.TestRunner/Utils/AssemblyProvider/IAssemblyWrapper.cs
 0.1 kb	 0.0% Packages/com.unity.test-framework/UnityEngine.TestRunner/Utils/AssemblyProvider/AssemblyWrapper.cs
 0.1 kb	 0.0% Assets/Scripts/Pet/SplitPetController.cs
 0.1 kb	 0.0% Assets/Scripts/Pet/SlimeFieldRenderer.cs
 0.1 kb	 0.0% Assets/Scripts/Pet/PetSpeciesCatalog.cs
 0.1 kb	 0.0% Assets/Scripts/Pet/MeshPetController.cs
 0.1 kb	 0.0% Assets/Scripts/Pet/LiquidGlassSlimeSdf.cs
 0.1 kb	 0.0% Assets/Scripts/Pet/CharacterRegistry.cs
 0.1 kb	 0.0% Assets/Scripts/Core/NativeWindowStyles.cs
 0.1 kb	 0.0% Assets/Scripts/Core/NativeSettingsWindow.cs
 0.1 kb	 0.0% Assets/Scripts/Core/NativeScreenCapture.cs
 0.1 kb	 0.0% Assets/Scripts/Core/LiquidGlassPresence.cs
 0.1 kb	 0.0% Packages/com.unity.ugui/Runtime/UI/Core/Utility/ReflectionMethodsCache.cs
 0.1 kb	 0.0% Packages/com.unity.ugui/Runtime/UI/Core/MultipleDisplayUtilities.cs
 0.1 kb	 0.0% Packages/com.unity.ugui/Runtime/UI/Core/Layout/HorizontalLayoutGroup.cs
 0.1 kb	 0.0% Packages/com.unity.ugui/Runtime/UI/Core/IGraphicEnabledDisabled.cs
 0.1 kb	 0.0% Packages/com.unity.ugui/Runtime/UI/Core/GraphicRebuildTracker.cs
 0.1 kb	 0.0% Packages/com.unity.ugui/Runtime/UI/Core/Culling/RectangularVertexClipper.cs
 0.1 kb	 0.0% Packages/com.unity.ugui/Runtime/EventSystem/UIElements/PanelEventHandler.cs
 0.1 kb	 0.0% Packages/com.unity.ugui/Runtime/EventSystem/Raycasters/Physics2DRaycaster.cs
 0.1 kb	 0.0% Packages/com.unity.ugui/Runtime/EventSystem/InputModules/PointerInputModule.cs
 0.1 kb	 0.0% Packages/com.unity.test-framework/UnityEngine.TestRunner/Utils/ITestRunCallback.cs
 0.1 kb	 0.0% Packages/com.unity.test-framework/UnityEngine.TestRunner/Utils/AttributeHelper.cs
 0.1 kb	 0.0% Packages/com.unity.test-framework/UnityEngine.TestRunner/NUnitExtensions/Attributes/TestEnumerator.cs
 0.1 kb	 0.0% Packages/com.unity.test-framework/UnityEngine.TestRunner/Assertions/LogScope/ILogScope.cs
 0.1 kb	 0.0% Packages/com.coplaydev.unity-mcp/Runtime/Helpers/UnityCompatShims.cs
 0.1 kb	 0.0% Packages/com.unity.ugui/Runtime/UI/Animation/CoroutineTween.cs
 0.1 kb	 0.0% Packages/com.unity.ugui/Runtime/EventSystem/EventInterfaces.cs
 0.1 kb	 0.0% Packages/com.kirurobo.uniwinc/Runtime/Scripts/UniWindowMoveHandle.cs
 0.1 kb	 0.0% Packages/com.kirurobo.uniwinc/Runtime/Scripts/UniWindowController.cs
 0.1 kb	 0.0% Assets/Scripts/UI/HudController.cs
 0.1 kb	 0.0% Assets/Scripts/Pet/TestStageLayout.cs
 0.1 kb	 0.0% Assets/Scripts/Pet/SvgPetController.cs
 0.1 kb	 0.0% Assets/Scripts/Pet/SlimeSimulation.cs
 0.1 kb	 0.0% Assets/Scripts/Pet/SlimeRingBody.cs
 0.1 kb	 0.0% Assets/Scripts/Pet/SlimeRestShape.cs
 0.1 kb	 0.0% Assets/Scripts/Pet/SlimeMeshBody.cs
 0.1 kb	 0.0% Assets/Scripts/Pet/PetRefractLayer.cs
 0.1 kb	 0.0% Assets/Scripts/Pet/PetLifeVisual.cs
 0.1 kb	 0.0% Assets/Scripts/Pet/PetInputArbiter.cs
 0.1 kb	 0.0% Assets/Scripts/Pet/PetController.cs
 0.1 kb	 0.0% Assets/Scripts/Pet/GroundIdleHop.cs
 0.1 kb	 0.0% Assets/Scripts/Pet/GalleryLayout.cs
 0.1 kb	 0.0% Assets/Scripts/Pet/DensitySurface.cs
 0.1 kb	 0.0% Assets/Scripts/Input/AlphaHitTest.cs
 0.1 kb	 0.0% Assets/Scripts/Core/PetWindowSetup.cs
 0.1 kb	 0.0% Assets/Scripts/Core/NativeUniWinC.cs
 0.1 kb	 0.0% Assets/Scripts/Core/NativeStartup.cs
 0.1 kb	 0.0% Packages/com.unity.ugui/Runtime/UI/Core/SetPropertyUtility.cs
 0.1 kb	 0.0% Packages/com.unity.ugui/Runtime/UI/Core/MaterialModifiers/IMaterialModifier.cs
 0.1 kb	 0.0% Packages/com.unity.ugui/Runtime/UI/Core/Layout/VerticalLayoutGroup.cs
 0.1 kb	 0.0% Packages/com.unity.ugui/Runtime/UI/Core/Layout/ContentSizeFitter.cs
 0.1 kb	 0.0% Packages/com.unity.ugui/Runtime/UI/Core/Layout/AspectRatioFitter.cs
 0.1 kb	 0.0% Packages/com.unity.ugui/Runtime/UI/Core/FontUpdateTracker.cs
 0.1 kb	 0.0% Packages/com.unity.ugui/Runtime/UI/Core/CanvasUpdateRegistry.cs
 0.1 kb	 0.0% Packages/com.unity.ugui/Runtime/UI/Core/AnimationTriggers.cs
 0.1 kb	 0.0% Packages/com.unity.ugui/Runtime/EventSystem/UIElements/PanelRaycaster.cs
 0.1 kb	 0.0% Packages/com.unity.ugui/Runtime/EventSystem/Raycasters/PhysicsRaycaster.cs
 0.1 kb	 0.0% Packages/com.unity.ugui/Runtime/EventSystem/Raycasters/BaseRaycaster.cs
 0.1 kb	 0.0% Packages/com.unity.ugui/Runtime/EventSystem/RaycasterManager.cs
 0.1 kb	 0.0% Packages/com.unity.ugui/Runtime/EventSystem/RaycastResult.cs
 0.1 kb	 0.0% Packages/com.unity.ugui/Runtime/EventSystem/InputModules/TouchInputModule.cs
 0.1 kb	 0.0% Packages/com.unity.ugui/Runtime/EventSystem/InputModules/BaseInputModule.cs
 0.1 kb	 0.0% Packages/com.unity.ugui/Runtime/EventSystem/ExecuteEvents.cs
 0.1 kb	 0.0% Packages/com.unity.ugui/Runtime/EventSystem/EventData/PointerEventData.cs
 0.1 kb	 0.0% Packages/com.unity.ugui/Runtime/EventSystem/EventData/BaseEventData.cs
 0.1 kb	 0.0% Packages/com.unity.ugui/Runtime/EventSystem/EventData/AxisEventData.cs
 0.1 kb	 0.0% Packages/com.unity.test-framework/UnityEngine.TestRunner/Assertions/LogScope/LogScope.cs
 0.1 kb	 0.0% Packages/com.unity.test-framework/UnityEngine.TestRunner/Assertions/LogScope/LogMatch.cs
 0.1 kb	 0.0% Packages/com.unity.test-framework/UnityEngine.TestRunner/Assertions/LogScope/LogEvent.cs
 0.1 kb	 0.0% Packages/com.unity.test-framework/UnityEngine.TestRunner/Assertions/LogAssert.cs
 0.1 kb	 0.0% Packages/com.unity.test-framework/UnityEngine.TestRunner/Utils/Utils.cs
 0.1 kb	 0.0% Packages/com.unity.test-framework/UnityEngine.TestRunner/Assertions/Is.cs
 0.1 kb	 0.0% Assets/Scripts/Pet/ThrowPhysics.cs
 0.1 kb	 0.0% Assets/Scripts/Pet/SlimePbfMesh.cs
 0.1 kb	 0.0% Assets/Scripts/Pet/SlimeBody.cs
 0.1 kb	 0.0% Assets/Scripts/Pet/PetMetrics.cs
 0.1 kb	 0.0% Assets/Scripts/Pet/PetManager.cs
 0.1 kb	 0.0% Assets/Scripts/Pet/PetLifeMath.cs
 0.1 kb	 0.0% Assets/Scripts/Core/SplashHider.cs
 0.1 kb	 0.0% Assets/Scripts/Core/PointerHover.cs
 0.1 kb	 0.0% Assets/Scripts/Core/PetConfig.cs
 0.1 kb	 0.0% Assets/Scripts/Core/NativeTray.cs
 0.1 kb	 0.0% Assets/Scripts/Core/NativeScreen.cs
 0.1 kb	 0.0% Assets/Scripts/Core/EventTopics.cs
 0.1 kb	 0.0% Assets/Scripts/Core/CrashGuard.cs
 0.1 kb	 0.0% Packages/com.unity.ugui/Runtime/UI/Core/VertexModifiers/PositionAsUV1.cs
 0.1 kb	 0.0% Packages/com.unity.ugui/Runtime/UI/Core/VertexModifiers/IMeshModifier.cs
 0.1 kb	 0.0% Packages/com.unity.ugui/Runtime/UI/Core/VertexModifiers/BaseMeshEffect.cs
 0.1 kb	 0.0% Packages/com.unity.ugui/Runtime/UI/Core/StencilMaterial.cs
 0.1 kb	 0.0% Packages/com.unity.ugui/Runtime/UI/Core/MaskableGraphic.cs
 0.1 kb	 0.0% Packages/com.unity.ugui/Runtime/UI/Core/MaskUtilities.cs
 0.1 kb	 0.0% Packages/com.unity.ugui/Runtime/UI/Core/Layout/LayoutUtility.cs
 0.1 kb	 0.0% Packages/com.unity.ugui/Runtime/UI/Core/Layout/LayoutRebuilder.cs
 0.1 kb	 0.0% Packages/com.unity.ugui/Runtime/UI/Core/Layout/LayoutElement.cs
 0.1 kb	 0.0% Packages/com.unity.ugui/Runtime/UI/Core/Layout/ILayoutElement.cs
 0.1 kb	 0.0% Packages/com.unity.ugui/Runtime/UI/Core/Layout/GridLayoutGroup.cs
 0.1 kb	 0.0% Packages/com.unity.ugui/Runtime/UI/Core/GraphicRegistry.cs
 0.1 kb	 0.0% Packages/com.unity.ugui/Runtime/UI/Core/GraphicRaycaster.cs
 0.1 kb	 0.0% Packages/com.unity.ugui/Runtime/UI/Core/DefaultControls.cs
 0.1 kb	 0.0% Packages/com.unity.ugui/Runtime/UI/Core/Culling/ClipperRegistry.cs
 0.1 kb	 0.0% Packages/com.unity.ugui/Runtime/EventSystem/UIBehaviour.cs
 0.1 kb	 0.0% Packages/com.unity.ugui/Runtime/EventSystem/InputModules/BaseInput.cs
 0.1 kb	 0.0% Packages/com.unity.ugui/Runtime/EventSystem/EventTrigger.cs
 0.1 kb	 0.0% Packages/com.unity.ugui/Runtime/EventSystem/EventSystem.cs
 0.1 kb	 0.0% Packages/com.kirurobo.uniwinc/Runtime/Scripts/LowLevel/UniWinCore.cs
 0.1 kb	 0.0% Packages/com.kirurobo.uniwinc/Runtime/Scripts/LowLevel/FilePanel.cs
 0.1 kb	 0.0% Assets/Scripts/Pet/SlimePbf.cs
 0.1 kb	 0.0% Assets/Scripts/Core/HardExit.cs
 0.1 kb	 0.0% Assets/Scripts/Core/EventBus.cs
 0.1 kb	 0.0% Packages/com.unity.ugui/Runtime/UI/Core/Utility/VertexHelper.cs
 0.1 kb	 0.0% Packages/com.unity.ugui/Runtime/UI/Core/ToggleGroup.cs
 0.1 kb	 0.0% Packages/com.unity.ugui/Runtime/UI/Core/SpriteState.cs
 0.1 kb	 0.0% Packages/com.unity.ugui/Runtime/UI/Core/Selectable.cs
 0.1 kb	 0.0% Packages/com.unity.ugui/Runtime/UI/Core/Scrollbar.cs
 0.1 kb	 0.0% Packages/com.unity.ugui/Runtime/UI/Core/ScrollRect.cs
 0.1 kb	 0.0% Packages/com.unity.ugui/Runtime/UI/Core/RectMask2D.cs
 0.1 kb	 0.0% Packages/com.unity.ugui/Runtime/UI/Core/Navigation.cs
 0.1 kb	 0.0% Packages/com.unity.ugui/Runtime/UI/Core/Layout/LayoutGroup.cs
 0.1 kb	 0.0% Packages/com.unity.ugui/Runtime/UI/Core/Layout/CanvasScaler.cs
 0.1 kb	 0.0% Packages/com.unity.ugui/Runtime/UI/Core/InputField.cs
 0.1 kb	 0.0% Packages/com.unity.ugui/Runtime/UI/Core/IMaskable.cs
 0.1 kb	 0.0% Packages/com.unity.ugui/Runtime/UI/Core/ColorBlock.cs
 0.1 kb	 0.0% Packages/com.unity.ugui/Runtime/UI/Core/Culling/IClipRegion.cs
 0.1 kb	 0.0% Packages/com.unity.ugui/Runtime/UI/Core/VertexModifiers/Shadow.cs
 0.1 kb	 0.0% Packages/com.unity.ugui/Runtime/UI/Core/VertexModifiers/Outline.cs
 0.1 kb	 0.0% Packages/com.unity.ugui/Runtime/UI/Core/Toggle.cs
 0.1 kb	 0.0% Packages/com.unity.ugui/Runtime/UI/Core/Slider.cs
 0.1 kb	 0.0% Packages/com.unity.ugui/Runtime/UI/Core/RawImage.cs
 0.1 kb	 0.0% Packages/com.unity.ugui/Runtime/UI/Core/Image.cs
 0.1 kb	 0.0% Packages/com.unity.ugui/Runtime/UI/Core/IMask.cs
 0.1 kb	 0.0% Packages/com.unity.ugui/Runtime/UI/Core/Graphic.cs
 0.1 kb	 0.0% Packages/com.unity.ugui/Runtime/UI/Core/FontData.cs
 0.1 kb	 0.0% Packages/com.unity.ugui/Runtime/UI/Core/Dropdown.cs
 0.1 kb	 0.0% Packages/com.unity.ugui/Runtime/UI/Core/Culling/Clipping.cs
 0.1 kb	 0.0% Packages/com.unity.ugui/Runtime/UI/Core/Button.cs
 0.1 kb	 0.0% Packages/com.unity.ugui/Runtime/UI/Core/Text.cs
 0.1 kb	 0.0% Packages/com.unity.ugui/Runtime/UI/Core/Misc.cs
 0.1 kb	 0.0% Packages/com.unity.ugui/Runtime/UI/Core/Mask.cs
-------------------------------------------------------------------------------
Unloading 12 Unused Serialized files (Serialized files now loaded: 0)
Unloading 30 unused Assets / (0.7 MB). Loaded Objects now: 1516.
Memory consumption went from 100.9 MB to 100.2 MB.
Total: 9.102300 ms (FindLiveObjects: 0.182700 ms CreateObjectMapping: 0.067100 ms MarkObjects: 8.122500 ms  DeleteObjects: 0.727900 ms)

DisplayProgressNotification: Build Successful
Build Finished, Result: Success.
Total cache size 61015900
Total cache size after purge 61015900
##utp:{"type":"PlayerBuildInfo","version":2,"phase":"Immediate","time":1789654892399,"processId":38584,"steps":[{"description":"Preprocess Player","duration":15},{"description":"Prepare For Build","duration":15},{"description":"ProducePlayerScriptAssemblies","duration":5166},{"description":"Verify Build setup","duration":47},{"description":"Prepare assets for target platform","duration":25},{"description":"Prepare splash screen","duration":3},{"description":"Building scenes","duration":243},{"description":"Build scripts DLLs","duration":959},{"description":"Build GlobalGameManagers file","duration":350},{"description":"Writing asset files","duration":131},{"description":"Building Resources/unity_builtin_extra","duration":276},{"description":"Write data build dirty tracking information","duration":52},{"description":"Postprocess built player","duration":925}],"duration":8207}
[PhysX] Initialized MultithreadedTaskDispatcher with 12 workers.
Unloading 0 Unused Serialized files (Serialized files now loaded: 0)
Loaded scene 'Temp/__Backupscenes/0.backup'
	Deserialize:            0.922 ms
	Integration:            11.875 ms
	Integration of assets:  0.002 ms
	Thread Wait Time:       0.026 ms
	Total Operation Time:   12.824 ms
Unloading 0 unused Assets / (0 B). Loaded Objects now: 1507.
Memory consumption went from 95.2 MB to 95.2 MB.
Total: 7.912900 ms (FindLiveObjects: 0.203700 ms CreateObjectMapping: 0.045900 ms MarkObjects: 7.648800 ms  DeleteObjects: 0.012700 ms)

[AppIconSetup] 应用图标已注入构建产物
UnityEngine.StackTraceUtility:ExtractStackTrace ()
UnityEngine.DebugLogHandler:LogFormat (UnityEngine.LogType,UnityEngine.Object,string,object[])
UnityEngine.Logger:Log (UnityEngine.LogType,object)
UnityEngine.Debug:Log (object)
TransparentPet.EditorTools.AppIconSetup:InjectIntoExe (string) (at Assets/Scripts/Editor/AppIconSetup.cs:104)
TransparentPet.EditorTools.BuildPlayer:Build (string,string) (at Assets/Scripts/Editor/BuildPlayer.cs:56)
TransparentPet.EditorTools.BuildPlayer:BuildWindows64 () (at Assets/Scripts/Editor/BuildPlayer.cs:32)

(Filename: Assets/Scripts/Editor/AppIconSetup.cs Line: 104)

[BuildPlayer] 已移除崩溃处理器（避免崩溃时进程被挂起占屏）
UnityEngine.StackTraceUtility:ExtractStackTrace ()
UnityEngine.DebugLogHandler:LogFormat (UnityEngine.LogType,UnityEngine.Object,string,object[])
UnityEngine.Logger:Log (UnityEngine.LogType,object)
UnityEngine.Debug:Log (object)
TransparentPet.EditorTools.BuildPlayer:Build (string,string) (at Assets/Scripts/Editor/BuildPlayer.cs:64)
TransparentPet.EditorTools.BuildPlayer:BuildWindows64 () (at Assets/Scripts/Editor/BuildPlayer.cs:32)

(Filename: Assets/Scripts/Editor/BuildPlayer.cs Line: 64)

[BuildPlayer] 构建成功: F:/VSCode/transparent-pet-unity/transparent-pet/Builds/PetSpike.exe
UnityEngine.StackTraceUtility:ExtractStackTrace ()
UnityEngine.DebugLogHandler:LogFormat (UnityEngine.LogType,UnityEngine.Object,string,object[])
UnityEngine.Logger:Log (UnityEngine.LogType,object)
UnityEngine.Debug:Log (object)
TransparentPet.EditorTools.BuildPlayer:Build (string,string) (at Assets/Scripts/Editor/BuildPlayer.cs:67)
TransparentPet.EditorTools.BuildPlayer:BuildWindows64 () (at Assets/Scripts/Editor/BuildPlayer.cs:32)

(Filename: Assets/Scripts/Editor/BuildPlayer.cs Line: 67)

Batchmode quit successfully invoked - shutting down!
[PhysX] Initialized MultithreadedTaskDispatcher with 12 workers.
Input System module state changed to: ShutdownInProgress.
Input System polling thread exited.
Input System module state changed to: Shutdown.
[Licensing::IpcConnector] LicenseClient-fanbo-notifications channel disconnected successfully.
[Licensing::IpcConnector] LicenseClient-fanbo channel disconnected successfully.
Cleanup mono
abort_threads: Failed aborting id: 00000000000074A8, mono_thread_manage will ignore it

abort_threads: Failed aborting id: 000000000000766C, mono_thread_manage will ignore it

abort_threads: Failed aborting id: 0000000000008358, mono_thread_manage will ignore it

abort_threads: Failed aborting id: 00000000000074A8, mono_thread_manage will ignore it

abort_threads: Failed aborting id: 000000000000766C, mono_thread_manage will ignore it

abort_threads: Failed aborting id: 0000000000008358, mono_thread_manage will ignore it

debugger-agent: Unable to listen on 5164
[Performance] WinEditorMain                                                                                                        :        1 samples, Peak.   835 ms (1.0x), Avg.   835 ms, Total. 835.2 ms (3.9%)
[Performance] WinEditorMain.ConfigureCrashHandler                                                                                  :        1 samples, Peak.  48.7 us (1.0x), Avg.  48.7 us, Total. 48.70 us (0.0%)
[Performance] WinEditorMain.CurlRequestInitialize                                                                                  :        1 samples, Peak.  1.09 ms (1.0x), Avg.  1.09 ms, Total. 1.086 ms (0.0%)
[Performance] WinEditorMain.SetupLogFile                                                                                           :        1 samples, Peak.   604 us (1.0x), Avg.   604 us, Total. 604.5 us (0.0%)
[Performance] WinEditorMain.RunNativeTestsIfRequiredAndExit                                                                        :        1 samples, Peak.   300 ns (1.0x), Avg.   300 ns, Total. 300.0 ns (0.0%)
[Performance] WinEditorMain.Licensing                                                                                              :        1 samples, Peak.   631 ms (1.0x), Avg.   631 ms, Total. 631.1 ms (3.0%)
[Performance] WinEditorMain.InitializeCrashHandler                                                                                 :        1 samples, Peak.  16.7 ms (1.0x), Avg.  16.7 ms, Total. 16.73 ms (0.1%)
[Performance] WinEditorMain.CreateApplication                                                                                      :        1 samples, Peak.  61.6 ms (1.0x), Avg.  61.6 ms, Total. 61.58 ms (0.3%)
[Performance] Application.InitializeProject                                                                                        :        1 samples, Peak.  10.2 s (1.0x), Avg.  10.2 s, Total. 10.23 s (48.3%)
[Performance] Application.PackageManager.StartServer                                                                               :        1 samples, Peak.  28.1 ms (1.0x), Avg.  28.1 ms, Total. 28.13 ms (0.1%)
[Performance] Application.AcquireProjectLock                                                                                       :        1 samples, Peak.  11.5 ms (1.0x), Avg.  11.5 ms, Total. 11.53 ms (0.1%)
[Performance] Application.InitializeEngineNoGraphics                                                                               :        1 samples, Peak.   163 ms (1.0x), Avg.   163 ms, Total. 162.6 ms (0.8%)
[Performance] Application.PackageManager.Initialize                                                                                :        1 samples, Peak.  1.03 s (1.0x), Avg.  1.03 s, Total. 1.031 s (4.9%)
[Performance] Connecting to Package Manager                                                                                        :      103 samples, Peak.   127 us (22.1x), Avg.  5.74 us, Total. 591.7 us (0.0%)
[Performance] Application.EngineGraphics.Initialize                                                                                :        1 samples, Peak.   575 ms (1.0x), Avg.   575 ms, Total. 574.7 ms (2.7%)
[Performance] Application.GI.Initialize                                                                                            :        1 samples, Peak.  9.25 ms (1.0x), Avg.  9.25 ms, Total. 9.252 ms (0.0%)
[Performance] Application.LoadAllDefaultResourcesFromEditor                                                                        :        1 samples, Peak.  5.27 ms (1.0x), Avg.  5.27 ms, Total. 5.267 ms (0.0%)
[Performance] Application.LoadMonoAssemblies                                                                                       :        1 samples, Peak.  1.56 s (1.0x), Avg.  1.56 s, Total. 1.556 s (7.3%)
[Performance] RestoreManagedReferences                                                                                             :        2 samples, Peak.   112 ms (2.0x), Avg.  55.9 ms, Total. 111.9 ms (0.5%)
[Performance] InitializeOnLoad DrivenRectTransformUndo                                                                             :        2 samples, Peak.   981 us (1.1x), Avg.   919 us, Total. 1.839 ms (0.0%)
[Performance] InitializeOnLoad SceneSearch                                                                                         :        2 samples, Peak.   801 us (1.5x), Avg.   547 us, Total. 1.093 ms (0.0%)
[Performance] InitializeOnLoad CloudBuild                                                                                          :        2 samples, Peak.  28.9 us (1.5x), Avg.  19.6 us, Total. 39.20 us (0.0%)
[Performance] InitializeOnLoad NativeFormatImporterUtility                                                                         :        2 samples, Peak.  7.82 ms (1.1x), Avg.  6.95 ms, Total. 13.91 ms (0.1%)
[Performance] InitializeOnLoad SearchService                                                                                       :        2 samples, Peak.   282 us (1.0x), Avg.   278 us, Total. 556.9 us (0.0%)
[Performance] InitializeOnLoad SettingsService                                                                                     :        2 samples, Peak.  27.6 us (1.3x), Avg.  21.6 us, Total. 43.30 us (0.0%)
[Performance] InitializeOnLoad WindowLayout                                                                                        :        2 samples, Peak.  2.55 ms (1.3x), Avg.  1.92 ms, Total. 3.849 ms (0.0%)
[Performance] InitializeOnLoad AssetStoreContext                                                                                   :        2 samples, Peak.  69.8 ms (1.1x), Avg.  65.7 ms, Total. 131.3 ms (0.6%)
[Performance] InitializeOnLoad PoolManager                                                                                         :        2 samples, Peak.  1.98 ms (1.1x), Avg.  1.75 ms, Total. 3.507 ms (0.0%)
[Performance] InitializeOnLoad MixerEffectDefinitionReloader                                                                       :        2 samples, Peak.  6.01 ms (1.0x), Avg.  5.75 ms, Total. 11.49 ms (0.1%)
[Performance] InitializeOnLoad ProjectSearch                                                                                       :        2 samples, Peak.   227 us (1.3x), Avg.   181 us, Total. 361.5 us (0.0%)
[Performance] InitializeOnLoad UISystemProfilerRenderService                                                                       :        2 samples, Peak.  26.3 us (1.2x), Avg.  21.6 us, Total. 43.10 us (0.0%)
[Performance] InitializeOnLoad EditMode                                                                                            :        2 samples, Peak.   931 us (1.0x), Avg.   921 us, Total. 1.842 ms (0.0%)
[Performance] InitializeOnLoad UnityConnect                                                                                        :        2 samples, Peak.   146 us (1.1x), Avg.   135 us, Total. 271.0 us (0.0%)
[Performance] InitializeOnLoad ManagedDebugger                                                                                     :        2 samples, Peak.  1.58 ms (1.0x), Avg.  1.51 ms, Total. 3.028 ms (0.0%)
[Performance] InitializeOnLoad ShortcutIntegration                                                                                 :        2 samples, Peak.   143 us (1.0x), Avg.   136 us, Total. 271.9 us (0.0%)
[Performance] InitializeOnLoad AddComponentWindow                                                                                  :        2 samples, Peak.   249 us (1.0x), Avg.   239 us, Total. 478.9 us (0.0%)
[Performance] InitializeOnLoad ManagedDebuggerWindow                                                                               :        2 samples, Peak.   272 us (1.0x), Avg.   270 us, Total. 540.5 us (0.0%)
[Performance] InitializeOnLoad CacheServerWindow                                                                                   :        2 samples, Peak.  24.6 us (1.3x), Avg.  18.5 us, Total. 37.00 us (0.0%)
[Performance] InitializeOnLoad PlayModeDownload                                                                                    :        2 samples, Peak.  15.2 ms (1.9x), Avg.  7.81 ms, Total. 15.61 ms (0.1%)
[Performance] InitializeOnLoad MenuItems                                                                                           :        2 samples, Peak.   224 us (1.1x), Avg.   200 us, Total. 400.1 us (0.0%)
[Performance] InitializeOnLoad PrefabInstanceChangedListener                                                                       :        2 samples, Peak.   320 us (1.1x), Avg.   302 us, Total. 603.8 us (0.0%)
[Performance] InitializeOnLoad ObjectSelectorSearch                                                                                :        2 samples, Peak.   104 us (1.0x), Avg.   102 us, Total. 204.8 us (0.0%)
[Performance] InitializeOnLoad EditorMonitor                                                                                       :        2 samples, Peak.  1.51 ms (1.1x), Avg.  1.41 ms, Total. 2.820 ms (0.0%)
[Performance] InitializeOnLoad RetainedMode                                                                                        :        2 samples, Peak.  6.89 ms (1.0x), Avg.  6.71 ms, Total. 13.42 ms (0.1%)
[Performance] InitializeOnLoad EditorShaderLoader                                                                                  :        2 samples, Peak.  1.65 ms (1.0x), Avg.  1.62 ms, Total. 3.247 ms (0.0%)
[Performance] InitializeOnLoad EditorDelegateRegistration                                                                          :        2 samples, Peak.  2.38 ms (1.4x), Avg.  1.74 ms, Total. 3.482 ms (0.0%)
[Performance] InitializeOnLoad UIDocumentHierarchyWatcher                                                                          :        2 samples, Peak.   693 us (1.4x), Avg.   482 us, Total. 964.2 us (0.0%)
[Performance] InitializeOnLoad LiveReloadTrackerCreator                                                                            :        2 samples, Peak.  1.18 ms (1.3x), Avg.   885 us, Total. 1.770 ms (0.0%)
[Performance] InitializeOnLoad UxmlObjectEditorFactories                                                                           :        2 samples, Peak.  1.47 ms (1.2x), Avg.  1.21 ms, Total. 2.426 ms (0.0%)
[Performance] InitializeOnLoad UXMLEditorFactories                                                                                 :        2 samples, Peak.   153 ms (1.0x), Avg.   152 ms, Total. 303.5 ms (1.4%)
[Performance] InitializeOnLoad PurchasingService                                                                                   :        2 samples, Peak.  16.7 ms (1.0x), Avg.  16.7 ms, Total. 33.39 ms (0.2%)
[Performance] InitializeOnLoad CloudBuildPoller                                                                                    :        2 samples, Peak.   316 us (1.1x), Avg.   291 us, Total. 581.6 us (0.0%)
[Performance] InitializeOnLoad EditorGameServicesAnalytics                                                                         :        2 samples, Peak.  6.66 ms (1.6x), Avg.  4.25 ms, Total. 8.494 ms (0.0%)
[Performance] InitializeOnLoad AnalyticsService                                                                                    :        2 samples, Peak.   568 us (1.1x), Avg.   526 us, Total. 1.053 ms (0.0%)
[Performance] InitializeOnLoad BuildService                                                                                        :        2 samples, Peak.   451 us (1.1x), Avg.   411 us, Total. 822.5 us (0.0%)
[Performance] InitializeOnLoad AdsService                                                                                          :        2 samples, Peak.   980 us (1.0x), Avg.   966 us, Total. 1.933 ms (0.0%)
[Performance] InitializeOnLoad UDPService                                                                                          :        2 samples, Peak.   412 us (1.1x), Avg.   385 us, Total. 770.9 us (0.0%)
[Performance] InitializeOnLoad CrashService                                                                                        :        2 samples, Peak.   520 us (1.2x), Avg.   444 us, Total. 887.1 us (0.0%)
[Performance] InitializeOnLoad ServicesRepository                                                                                  :        2 samples, Peak.  8.50 us (1.6x), Avg.  5.20 us, Total. 10.40 us (0.0%)
[Performance] InitializeOnLoad SearchWindow                                                                                        :        2 samples, Peak.   302 us (1.1x), Avg.   277 us, Total. 553.4 us (0.0%)
[Performance] InitializeOnLoad CustomIndexers                                                                                      :        2 samples, Peak.  43.7 ms (1.1x), Avg.  38.5 ms, Total. 76.94 ms (0.4%)
[Performance] InitializeOnLoad SearchMonitor                                                                                       :        2 samples, Peak.  3.01 ms (1.2x), Avg.  2.47 ms, Total. 4.946 ms (0.0%)
[Performance] InitializeOnLoad ParameterControllerEditor                                                                           :        2 samples, Peak.  61.9 us (1.1x), Avg.  55.2 us, Total. 110.4 us (0.0%)
[Performance] InitializeOnLoad LayerSettingsWindow                                                                                 :        2 samples, Peak.  67.4 us (1.7x), Avg.  38.8 us, Total. 77.70 us (0.0%)
[Performance] InitializeOnLoad PackageManagerHookGUIDConverter.RegisterPackagesEventHandler                                        :        2 samples, Peak.  2.63 ms (1.6x), Avg.  1.66 ms, Total. 3.326 ms (0.0%)
[Performance] InitializeOnLoad EditorDragAndDrop.RegisterEditorClient                                                              :        2 samples, Peak.  1.32 ms (1.4x), Avg.   919 us, Total. 1.838 ms (0.0%)
[Performance] InitializeOnLoad EditorEventCallbacks.InitializeFontAssetResourceChangeCallBacks                                     :        2 samples, Peak.  6.99 ms (1.3x), Avg.  5.44 ms, Total. 10.88 ms (0.1%)
[Performance] InitializeOnLoad SceneTemplateService.Init                                                                           :        2 samples, Peak.  2.94 ms (1.0x), Avg.  2.81 ms, Total. 5.613 ms (0.0%)
[Performance] InitializeOnLoad DiagnosticSwitchesConsoleMessage.Init                                                               :        2 samples, Peak.  19.5 ms (1.8x), Avg.  11.1 ms, Total. 22.14 ms (0.1%)
[Performance] InitializeOnLoad MemoryProfilerCompilationGuard.InjectCompileGuard                                                   :        2 samples, Peak.  1.55 ms (1.6x), Avg.  1000 us, Total. 2.000 ms (0.0%)
[Performance] InitializeOnLoad EditorWindow.Initialize                                                                             :        2 samples, Peak.   731 us (1.1x), Avg.   655 us, Total. 1.309 ms (0.0%)
[Performance] InitializeOnLoad AssetPostprocessingInternal.RefreshCustomDependencies                                               :        2 samples, Peak.  9.27 ms (1.2x), Avg.  7.60 ms, Total. 15.21 ms (0.1%)
[Performance] InitializeOnLoad SysrootManager.Initialize                                                                           :        2 samples, Peak.  38.8 us (1.1x), Avg.  36.2 us, Total. 72.30 us (0.0%)
[Performance] InitializeOnLoad PackageManagerWindow.EditorInitializedInSafeMode                                                    :        2 samples, Peak.  88.7 ms (2.0x), Avg.  44.5 ms, Total. 89.07 ms (0.4%)
[Performance] InitializeOnLoad ToolShortcutContext.Init                                                                            :        2 samples, Peak.   338 us (1.1x), Avg.   322 us, Total. 643.9 us (0.0%)
[Performance] InitializeOnLoad SceneVisibilityManager.Initialize                                                                   :        2 samples, Peak.  14.9 ms (1.7x), Avg.  8.90 ms, Total. 17.81 ms (0.1%)
[Performance] InitializeOnLoad ScopedRegistryAddedPopup.SubscribeToRegistriesAdded                                                 :        2 samples, Peak.  23.2 ms (2.0x), Avg.  11.7 ms, Total. 23.49 ms (0.1%)
[Performance] AssemblyReloadEvents.afterAssemblyReload: UnityEditor.SceneTemplate.SceneTemplateService.AfterAssemblyReload         :        2 samples, Peak.  10.0 ms (1.9x), Avg.  5.33 ms, Total. 10.65 ms (0.1%)
[Performance] ProcessService.EditorAfterLoadAllAssemblies                                                                          :        2 samples, Peak.   660 us (1.0x), Avg.   630 us, Total. 1.261 ms (0.0%)
[Performance] Application.ReadLicenseInfo                                                                                          :        1 samples, Peak.  36.0 ms (1.0x), Avg.  36.0 ms, Total. 36.00 ms (0.2%)
[Performance] Application.InitialRefresh                                                                                           :        1 samples, Peak.  5.49 s (1.0x), Avg.  5.49 s, Total. 5.489 s (25.9%)
[Performance] Compiling Scripts                                                                                                    :        1 samples, Peak.  1.47 s (1.0x), Avg.  1.47 s, Total. 1.475 s (7.0%)
[Performance] AssemblyReloadEvents.beforeAssemblyReload: UnityEditor.SceneTemplate.SceneTemplateService.BeforeAssemblyReload       :        1 samples, Peak.  1.09 ms (1.0x), Avg.  1.09 ms, Total. 1.086 ms (0.0%)
[Performance] InitializeOnLoad BackgroundWatcher                                                                                   :        1 samples, Peak.   385 us (1.0x), Avg.   385 us, Total. 385.0 us (0.0%)
[Performance] InitializeOnLoad UnityTestProtocolStarter                                                                            :        1 samples, Peak.  1.26 ms (1.0x), Avg.  1.26 ms, Total. 1.257 ms (0.0%)
[Performance] InitializeOnLoad TestStarter                                                                                         :        1 samples, Peak.  1.28 ms (1.0x), Avg.  1.28 ms, Total. 1.279 ms (0.0%)
[Performance] InitializeOnLoad RerunCallbackInitializer                                                                            :        1 samples, Peak.  7.94 ms (1.0x), Avg.  7.94 ms, Total. 7.940 ms (0.0%)
[Performance] InitializeOnLoad VisualStudioEditor                                                                                  :        1 samples, Peak.  26.6 ms (1.0x), Avg.  26.6 ms, Total. 26.56 ms (0.1%)
[Performance] InitializeOnLoad VisualStudioIntegration                                                                             :        1 samples, Peak.  2.36 ms (1.0x), Avg.  2.36 ms, Total. 2.361 ms (0.0%)
[Performance] InitializeOnLoad TestRunnerApiListener                                                                               :        1 samples, Peak.   280 us (1.0x), Avg.   280 us, Total. 279.6 us (0.0%)
[Performance] InitializeOnLoad PrefabLayoutRebuilder                                                                               :        1 samples, Peak.   604 us (1.0x), Avg.   604 us, Total. 604.4 us (0.0%)
[Performance] InitializeOnLoad RiderScriptEditor                                                                                   :        1 samples, Peak.  12.5 ms (1.0x), Avg.  12.5 ms, Total. 12.55 ms (0.1%)
[Performance] InitializeOnLoad CallbackInitializer                                                                                 :        1 samples, Peak.  2.42 ms (1.0x), Avg.  2.42 ms, Total. 2.418 ms (0.0%)
[Performance] InitializeOnLoad PlayModeOptionsGuard                                                                                :        1 samples, Peak.  1.54 ms (1.0x), Avg.  1.54 ms, Total. 1.542 ms (0.0%)
[Performance] InitializeOnLoad EditorStateCache                                                                                    :        1 samples, Peak.   459 ms (1.0x), Avg.   459 ms, Total. 458.8 ms (2.2%)
[Performance] InitializeOnLoad McpEditorShutdownCleanup                                                                            :        1 samples, Peak.  1.20 ms (1.0x), Avg.  1.20 ms, Total. 1.198 ms (0.0%)
[Performance] InitializeOnLoad TestRunnerNoThrottle                                                                                :        1 samples, Peak.   867 us (1.0x), Avg.   867 us, Total. 867.0 us (0.0%)
[Performance] InitializeOnLoad StartupConfigRewrite                                                                                :        1 samples, Peak.  1.09 ms (1.0x), Avg.  1.09 ms, Total. 1.090 ms (0.0%)
[Performance] InitializeOnLoad ProjectIdentityUtility                                                                              :        1 samples, Peak.   364 us (1.0x), Avg.   364 us, Total. 364.4 us (0.0%)
[Performance] InitializeOnLoad TransportCommandDispatcher                                                                          :        1 samples, Peak.   851 ms (1.0x), Avg.   851 ms, Total. 851.3 ms (4.0%)
[Performance] InitializeOnLoad SetupWindowService                                                                                  :        1 samples, Peak.   210 us (1.0x), Avg.   210 us, Total. 210.0 us (0.0%)
[Performance] InitializeOnLoad LegacyServerSrcMigration                                                                            :        1 samples, Peak.   171 us (1.0x), Avg.   171 us, Total. 171.2 us (0.0%)
[Performance] InitializeOnLoad StdioBridgeHost                                                                                     :        1 samples, Peak.  2.35 ms (1.0x), Avg.  2.35 ms, Total. 2.347 ms (0.0%)
[Performance] InitializeOnLoad HttpAutoStartHandler                                                                                :        1 samples, Peak.   407 us (1.0x), Avg.   407 us, Total. 407.0 us (0.0%)
[Performance] InitializeOnLoad AssetGenJobManager                                                                                  :        1 samples, Peak.  1.03 ms (1.0x), Avg.  1.03 ms, Total. 1.028 ms (0.0%)
[Performance] InitializeOnLoad HttpBridgeReloadHandler                                                                             :        1 samples, Peak.   505 us (1.0x), Avg.   505 us, Total. 504.8 us (0.0%)
[Performance] InitializeOnLoad StdIoVersionMigration                                                                               :        1 samples, Peak.   181 us (1.0x), Avg.   181 us, Total. 180.7 us (0.0%)
[Performance] InitializeOnLoad StdioBridgeReloadHandler                                                                            :        1 samples, Peak.   330 us (1.0x), Avg.   330 us, Total. 329.6 us (0.0%)
[Performance] InitializeOnLoad TestJobDataHolder.ResumeRunningJobs                                                                 :        1 samples, Peak.  1.84 ms (1.0x), Avg.  1.84 ms, Total. 1.839 ms (0.0%)
[Performance] InitializeOnLoad AnalyticsReporter.RegisterCallbacks                                                                 :        1 samples, Peak.   406 us (1.0x), Avg.   406 us, Total. 406.1 us (0.0%)
[Performance] InitializeOnLoad GetMenuItems.BuildCache                                                                             :        1 samples, Peak.  18.8 ms (1.0x), Avg.  18.8 ms, Total. 18.79 ms (0.1%)
[Performance] InitializeOnLoad McpLogRecord.RefreshFromPrefs                                                                       :        1 samples, Peak.   759 us (1.0x), Avg.   759 us, Total. 758.9 us (0.0%)
[Performance] InitializeOnLoad ExecuteCode.OnDomainReload                                                                          :        1 samples, Peak.  1.09 ms (1.0x), Avg.  1.09 ms, Total. 1.094 ms (0.0%)
[Performance] InitializeOnLoad UnityReflect.OnLoad                                                                                 :        1 samples, Peak.  1.96 ms (1.0x), Avg.  1.96 ms, Total. 1.957 ms (0.0%)
[Performance] DidReloadScriptsTestRunnerWindow.CompilationCallback                                                                 :        1 samples, Peak.  2.09 ms (1.0x), Avg.  2.09 ms, Total. 2.094 ms (0.0%)
[Performance] DidReloadScriptsTestListCache.ScriptReloaded                                                                         :        1 samples, Peak.  2.51 ms (1.0x), Avg.  2.51 ms, Total. 2.512 ms (0.0%)
[Performance] DidReloadScriptsAdvancedDropdownWindow.OnScriptReload                                                                :        1 samples, Peak.   547 us (1.0x), Avg.   547 us, Total. 546.7 us (0.0%)
[Performance] AssemblyReloadEvents.afterAssemblyReload: callback in MCPForUnity.Editor.Services.EditorStateCache                   :        1 samples, Peak.   998 us (1.0x), Avg.   998 us, Total. 998.4 us (0.0%)
[Performance] AssemblyReloadEvents.afterAssemblyReload: MCPForUnity.Editor.Services.HttpBridgeReloadHandler.OnAfterAssemblyReload  :        1 samples, Peak.  2.72 ms (1.0x), Avg.  2.72 ms, Total. 2.720 ms (0.0%)
[Performance] AssemblyReloadEvents.afterAssemblyReload: MCPForUnity.Editor.Services.StdioBridgeReloadHandler.OnAfterAssemblyReload :        1 samples, Peak.  1.46 ms (1.0x), Avg.  1.46 ms, Total. 1.460 ms (0.0%)
[Performance] AssemblyReloadEvents.afterAssemblyReload: MCPForUnity.Editor.Tools.UnityReflect.InvalidateCache                      :        1 samples, Peak.   955 us (1.0x), Avg.   955 us, Total. 954.8 us (0.0%)
[Performance] SyncVS.PostprocessSyncProject                                                                                        :        1 samples, Peak.   252 us (1.0x), Avg.   252 us, Total. 252.2 us (0.0%)
[Performance] Application.ImportPackagesAndSetTemplateWhenCreatingProject                                                          :        1 samples, Peak.  33.0 ms (1.0x), Avg.  33.0 ms, Total. 33.05 ms (0.2%)
[Performance] Application.SyncCurrentColorSpace                                                                                    :        1 samples, Peak.   213 ms (1.0x), Avg.   213 ms, Total. 212.8 ms (1.0%)
[Performance] Application.OnUsbDevicesChanged                                                                                      :        1 samples, Peak.  4.04 ms (1.0x), Avg.  4.04 ms, Total. 4.043 ms (0.0%)
[Performance] Application.AssetInstanceCacheUpdate                                                                                 :        1 samples, Peak.   600 ns (1.0x), Avg.   600 ns, Total. 600.0 ns (0.0%)
[Performance] Application.UnityExtensions.Initialize                                                                               :        1 samples, Peak.  2.74 ms (1.0x), Avg.  2.74 ms, Total. 2.743 ms (0.0%)
[Performance] CodeEditorProjectSync.SyncEditorProject                                                                              :        1 samples, Peak.   328 us (1.0x), Avg.   328 us, Total. 328.4 us (0.0%)
[Performance] Application.ExecuteStartups                                                                                          :        1 samples, Peak.   128 ms (1.0x), Avg.   128 ms, Total. 128.0 ms (0.6%)
[Performance] Menu.RegisterMenuInterface                                                                                           :       26 samples, Peak.  1.20 us (4.3x), Avg.   277 ns, Total. 7.200 us (0.0%)
[Performance] Gizmo.RebuildRenderers                                                                                               :        2 samples, Peak.   127 ms (1.6x), Avg.  81.3 ms, Total. 162.6 ms (0.8%)
[Performance] Gizmo.AddGizmoRenderers                                                                                              :       68 samples, Peak.  3.19 ms (42.0x), Avg.  76.1 us, Total. 5.173 ms (0.0%)
[Performance] Application.editorInitializingProject                                                                                :        1 samples, Peak.   319 ms (1.0x), Avg.   319 ms, Total. 319.5 ms (1.5%)
[Performance] Application.InitializeMenu                                                                                           :        1 samples, Peak.   117 ms (1.0x), Avg.   117 ms, Total. 117.4 ms (0.6%)
[Performance] Menu.RebuildAll                                                                                                      :        1 samples, Peak.   117 ms (1.0x), Avg.   117 ms, Total. 117.3 ms (0.6%)
[Performance] Menu.BuildRegisteredMenuInterfaces                                                                                   :        1 samples, Peak.   109 ms (1.0x), Avg.   109 ms, Total. 108.7 ms (0.5%)
[Performance] Menu.FilterMenuItem                                                                                                  :      517 samples, Peak.  50.8 ms (511.1x), Avg.  99.4 us, Total. 51.41 ms (0.2%)
[Performance] UpdateAllMenus                                                                                                       :        1 samples, Peak.  2.02 ms (1.0x), Avg.  2.02 ms, Total. 2.015 ms (0.0%)
[Performance] Menu.RebuildOSMainMenu                                                                                               :        2 samples, Peak.  6.01 ms (1.3x), Avg.  4.79 ms, Total. 9.578 ms (0.0%)
[Performance] EditorSceneManager.sceneClosing: UnityEditor.SceneVisibilityManager.EditorSceneManagerOnSceneClosing                 :        5 samples, Peak.   642 us (4.7x), Avg.   137 us, Total. 683.1 us (0.0%)
[Performance] GUIView.RepaintAll.PlayerLoopController                                                                              :        4 samples, Peak.  1.80 us (1.2x), Avg.  1.55 us, Total. 6.200 us (0.0%)
[Performance] EditorSceneManager.newSceneCreated: UnityEditor.SceneTemplate.SceneTemplateService.OnNewSceneCreated                 :        3 samples, Peak.   574 us (3.0x), Avg.   194 us, Total. 581.2 us (0.0%)
[Performance] EditorSceneManager.newSceneCreated: UnityEditor.SceneVisibilityManager.EditorSceneManagerOnNewSceneCreated           :        3 samples, Peak.   451 us (2.7x), Avg.   169 us, Total. 507.5 us (0.0%)
[Performance] EditorSceneManager.newSceneCreated: UnityEditor.SceneManagement.StageNavigationManager.OnNewSceneCreated             :        3 samples, Peak.   142 us (2.9x), Avg.  48.9 us, Total. 146.7 us (0.0%)
[Performance] Application.InvokeFinishedLoadingProject                                                                             :        1 samples, Peak.  4.35 ms (1.0x), Avg.  4.35 ms, Total. 4.350 ms (0.0%)
[Performance] ProcessService.OnProjectLoaded                                                                                       :        1 samples, Peak.  86.0 us (1.0x), Avg.  86.0 us, Total. 86.00 us (0.0%)
[Performance] VersionControl.Task.Wait                                                                                             :        1 samples, Peak.  21.0 us (1.0x), Avg.  21.0 us, Total. 21.00 us (0.0%)
[Performance] Inspector.InitOrRebuild                                                                                              :        3 samples, Peak.   676 us (1.8x), Avg.   381 us, Total. 1.143 ms (0.0%)
[Performance] BuilderAssetModificationProcessor.OnWillSaveAssets                                                                   :        2 samples, Peak.  1.05 ms (2.0x), Avg.   536 us, Total. 1.072 ms (0.0%)
[Performance] TerrainModificationProcessor.OnWillSaveAssets                                                                        :        2 samples, Peak.  1.54 ms (2.0x), Avg.   774 us, Total. 1.548 ms (0.0%)
[Performance] AssetDatabase.ImportAssets                                                                                           :        4 samples, Peak.  1.80 us (2.1x), Avg.   875 ns, Total. 3.500 us (0.0%)
[Performance] GenerateAssemblyTypeInfos                                                                                            :        2 samples, Peak.  26.9 ms (1.3x), Avg.  20.0 ms, Total. 39.97 ms (0.2%)
[Performance] AssetDatabase.Refresh                                                                                                :        1 samples, Peak.  8.32 ms (1.0x), Avg.  8.32 ms, Total. 8.324 ms (0.0%)
[Performance] EditorSceneManager.sceneOpened: UnityEditor.SceneTemplate.SceneTemplateService.OnSceneOpened                         :        1 samples, Peak.   812 us (1.0x), Avg.   812 us, Total. 812.1 us (0.0%)
[Performance] EditorSceneManager.sceneOpened: UnityEditor.SceneVisibilityManager.EditorSceneManagerOnSceneOpened                   :        1 samples, Peak.   379 us (1.0x), Avg.   379 us, Total. 378.5 us (0.0%)
[Performance] EditorSceneManager.sceneOpened: UnityEditor.SceneManagement.StageNavigationManager.OnSceneOpened                     :        1 samples, Peak.   118 us (1.0x), Avg.   118 us, Total. 117.6 us (0.0%)
[Performance] UnityBuildPostprocessor.OnProcessScene                                                                               :        1 samples, Peak.  1.63 ms (1.0x), Avg.  1.63 ms, Total. 1.630 ms (0.0%)
[Performance] EditorApplication.quitting: MCPForUnity.Editor.Services.McpEditorShutdownCleanup.OnEditorQuitting                    :        1 samples, Peak.  8.17 ms (1.0x), Avg.  8.17 ms, Total. 8.170 ms (0.0%)
[Performance] EditorApplication.quitting: MCPForUnity.Editor.Services.StdioBridgeReloadHandler.CancelRetries                       :        1 samples, Peak.   661 us (1.0x), Avg.   661 us, Total. 661.1 us (0.0%)
[Performance] EditorApplication.quitting: callback in UnityEditor.TextCore.Text.EditorEventCallbacks                               :        1 samples, Peak.  11.5 ms (1.0x), Avg.  11.5 ms, Total. 11.52 ms (0.1%)
[Performance] Application.Shutdown.PauseProfilerSession                                                                            :        1 samples, Peak.  46.5 us (1.0x), Avg.  46.5 us, Total. 46.50 us (0.0%)
[Performance] Application.Shutdown.PauseAssetImportWorkers                                                                         :        1 samples, Peak.   280 us (1.0x), Avg.   280 us, Total. 280.5 us (0.0%)
[Performance] Application.Shutdown.SaveAssets                                                                                      :        1 samples, Peak.  7.06 ms (1.0x), Avg.  7.06 ms, Total. 7.058 ms (0.0%)
[Performance] Application.Shutdown.CleanupRenderPipeline                                                                           :        1 samples, Peak.  9.10 us (1.0x), Avg.  9.10 us, Total. 9.100 us (0.0%)
[Performance] Application.Shutdown.StopPreloadManager                                                                              :        1 samples, Peak.  10.1 ms (1.0x), Avg.  10.1 ms, Total. 10.08 ms (0.0%)
[Performance] Application.Shutdown.DestroyWorld                                                                                    :        1 samples, Peak.   686 us (1.0x), Avg.   686 us, Total. 686.3 us (0.0%)
[Performance] Application.Shutdown.CleanupAfterLoad                                                                                :        1 samples, Peak.  14.6 ms (1.0x), Avg.  14.6 ms, Total. 14.63 ms (0.1%)
[Performance] Application.Shutdown.Progress                                                                                        :        1 samples, Peak.  14.2 us (1.0x), Avg.  14.2 us, Total. 14.20 us (0.0%)
[Performance] Application.Shutdown.GICleanupManagers                                                                               :        1 samples, Peak.  6.55 ms (1.0x), Avg.  6.55 ms, Total. 6.551 ms (0.0%)
[Performance] Application.Shutdown.MenuCleanupClass                                                                                :        1 samples, Peak.   195 us (1.0x), Avg.   195 us, Total. 194.9 us (0.0%)
[Performance] Application.Shutdown.ADBSaveStateBeforeShutdown                                                                      :        1 samples, Peak.  55.6 us (1.0x), Avg.  55.6 us, Total. 55.60 us (0.0%)
[Performance] Application.Shutdown.RemoteShutdown                                                                                  :        1 samples, Peak.  1.20 us (1.0x), Avg.  1.20 us, Total. 1.200 us (0.0%)
[Performance] Application.Shutdown.CleanupVCProvider                                                                               :        1 samples, Peak.  48.9 us (1.0x), Avg.  48.9 us, Total. 48.90 us (0.0%)
[Performance] Application.Shutdown.InputShutdown                                                                                   :        1 samples, Peak.  1.00 us (1.0x), Avg.  1.00 us, Total. 1.000 us (0.0%)
[Performance] Application.Shutdown.GizmoManagerDestroy                                                                             :        1 samples, Peak.  1.87 ms (1.0x), Avg.  1.87 ms, Total. 1.874 ms (0.0%)
[Performance] Application.Shutdown.ProfilerSession                                                                                 :        1 samples, Peak.  1.51 ms (1.0x), Avg.  1.51 ms, Total. 1.505 ms (0.0%)
[Performance] Application.Shutdown.ReleaseGfxWindowOnAllGUIViews                                                                   :        1 samples, Peak.   800 ns (1.0x), Avg.   800 ns, Total. 800.0 ns (0.0%)
[Performance] Application.Shutdown.CleanupEngine                                                                                   :        1 samples, Peak.   129 ms (1.0x), Avg.   129 ms, Total. 129.0 ms (0.6%)
[Performance] Application.Shutdown.CleanupAssetDatabase                                                                            :        1 samples, Peak.  6.37 ms (1.0x), Avg.  6.37 ms, Total. 6.372 ms (0.0%)
[Performance] Application.Shutdown.ScriptCompilationCleanUp                                                                        :        1 samples, Peak.  43.7 ms (1.0x), Avg.  43.7 ms, Total. 43.68 ms (0.2%)
[Performance] Application.Shutdown.DestroyJobSystem                                                                                :        1 samples, Peak.   221 us (1.0x), Avg.   221 us, Total. 221.1 us (0.0%)
[Performance] Application.Shutdown.CleanupPersistentManager                                                                        :        1 samples, Peak.  1.13 ms (1.0x), Avg.  1.13 ms, Total. 1.132 ms (0.0%)
[Performance] Application.Shutdown.CleanupAsyncReadManager                                                                         :        1 samples, Peak.   662 us (1.0x), Avg.   662 us, Total. 662.1 us (0.0%)
[Performance] Application.Shutdown.CleanupProgressBar                                                                              :        1 samples, Peak.   600 ns (1.0x), Avg.   600 ns, Total. 600.0 ns (0.0%)
[Performance] Application.Shutdown.CleanupMono                                                                                     :        1 samples, Peak.   115 ms (1.0x), Avg.   115 ms, Total. 115.0 ms (0.5%)
[Performance] Application.Shutdown.CleanupStdConverters                                                                            :        1 samples, Peak.  16.1 us (1.0x), Avg.  16.1 us, Total. 16.10 us (0.0%)
[Performance] Application.Shutdown.UnloadAllPlatformSupportModuleNativeDlls                                                        :        1 samples, Peak.   800 ns (1.0x), Avg.   800 ns, Total. 800.0 ns (0.0%)
[Performance] Application.Shutdown.UnloadAllPlatformSupportNativeLibraries                                                         :        1 samples, Peak.   200 ns (1.0x), Avg.   200 ns, Total. 200.0 ns (0.0%)
[Performance] Application.Shutdown.CleanupAutoDocumentation                                                                        :        1 samples, Peak.   773 us (1.0x), Avg.   773 us, Total. 772.6 us (0.0%)
[Performance] Application.Shutdown.ShaderNameManagerDestroy                                                                        :        1 samples, Peak.   106 us (1.0x), Avg.   106 us, Total. 106.2 us (0.0%)
[Performance] Application.Shutdown.CleanupCacheServer                                                                              :        1 samples, Peak.   200 ns (1.0x), Avg.   200 ns, Total. 200.0 ns (0.0%)
[Performance] Application.Shutdown.Virtualization_Shutdown                                                                         :        1 samples, Peak.   700 ns (1.0x), Avg.   700 ns, Total. 700.0 ns (0.0%)
[Performance] Application.Shutdown.DevConnections                                                                                  :        1 samples, Peak.   569 us (1.0x), Avg.   569 us, Total. 569.2 us (0.0%)
Exiting batchmode successfully now!
Exiting without the bug reporter. Application will terminate with return code 0